[2026-08-13 15:14:39.049] [TEST_EVENT]
  test: 123
------------------------------------------------------------
[2026-08-13 15:19:07.898] [CALIBRATION_STARTED]
  game_mode: story_one_round
  participants: [["dealer", "Дилер"], ["player_2", "Игрок 2"]]
  queue_length: 4
  queue: [{"key": "s0_player_2", "shooter_idx": 0, "shooter_name": "Дилер", "target_id": "player_2", "target_name": "Игрок 2", "prompt": "🎯 Дилер ➔ Наведите на Игрок 2"}, {"key": "s0_self", "shooter_idx": 0, "shooter_name": "Дилер", "target_id": "self", "target_name": "В СЕБЯ (наклон вверх)", "prompt": "🎯 Дилер ➔ В СЕБЯ (наклон ствола вверх)"}, {"key": "s1_dealer", "shooter_idx": 1, "shooter_name": "Игрок 2", "target_id": "dealer", "target_name": "Дилер", "prompt": "🎯 Игрок 2 ➔ Наведите на Дилер"}, {"key": "s1_self", "shooter_idx": 1, "shooter_name": "Игрок 2", "target_id": "self", "target_name": "В СЕБЯ (наклон вверх)", "prompt": "🎯 Игрок 2 ➔ В СЕБЯ (наклон ствола вверх)"}]
------------------------------------------------------------
[2026-08-13 15:19:17.998] [CALIBRATION_STEP_SAVED]
  step_key: s0_player_2
  target_name: Игрок 2
  default_target: player_2
  angle: 48.0
  pitch: -12.2
  remaining_queue_len: 3
  compass_calibration_database: {"s0_player_2": {"angle": 48.0, "target_id": "player_2", "pitch": -12.2}}
------------------------------------------------------------
[2026-08-13 15:19:27.818] [CALIBRATION_STARTED]
  game_mode: story_one_round
  participants: [["dealer", "Дилер"], ["player_2", "Игрок 2"]]
  queue_length: 4
  queue: [{"key": "s0_player_2", "shooter_idx": 0, "shooter_name": "Дилер", "target_id": "player_2", "target_name": "Игрок 2", "prompt": "🎯 Дилер ➔ Наведите на Игрок 2"}, {"key": "s0_self", "shooter_idx": 0, "shooter_name": "Дилер", "target_id": "self", "target_name": "В СЕБЯ (наклон вверх)", "prompt": "🎯 Дилер ➔ В СЕБЯ (наклон ствола вверх)"}, {"key": "s1_dealer", "shooter_idx": 1, "shooter_name": "Игрок 2", "target_id": "dealer", "target_name": "Дилер", "prompt": "🎯 Игрок 2 ➔ Наведите на Дилер"}, {"key": "s1_self", "shooter_idx": 1, "shooter_name": "Игрок 2", "target_id": "self", "target_name": "В СЕБЯ (наклон вверх)", "prompt": "🎯 Игрок 2 ➔ В СЕБЯ (наклон ствола вверх)"}]
------------------------------------------------------------
[2026-08-13 15:19:30.247] [CALIBRATION_STEP_SAVED]
  step_key: s0_player_2
  target_name: Игрок 2
  default_target: player_2
  angle: 49.6
  pitch: -11.5
  remaining_queue_len: 3
  compass_calibration_database: {"s0_player_2": {"angle": 49.6, "target_id": "player_2", "pitch": -11.5}}
------------------------------------------------------------
[2026-08-13 15:19:32.948] [CALIBRATION_STEP_SAVED]
  step_key: s0_self
  target_name: В СЕБЯ (наклон вверх)
  default_target: self
  angle: 269.5
  pitch: 45.8
  remaining_queue_len: 2
  compass_calibration_database: {"s0_player_2": {"angle": 49.6, "target_id": "player_2", "pitch": -11.5}, "s0_self": {"angle": 269.5, "target_id": "self", "pitch": 45.8}}
------------------------------------------------------------
[2026-08-13 15:19:35.932] [CALIBRATION_STEP_SAVED]
  step_key: s1_dealer
  target_name: Дилер
  default_target: dealer
  angle: 268.5
  pitch: -9.9
  remaining_queue_len: 1
  compass_calibration_database: {"s0_player_2": {"angle": 49.6, "target_id": "player_2", "pitch": -11.5}, "s0_self": {"angle": 269.5, "target_id": "self", "pitch": 45.8}, "s1_dealer": {"angle": 268.5, "target_id": "dealer", "pitch": -9.9}}
------------------------------------------------------------
[2026-08-13 15:19:38.371] [CALIBRATION_STEP_SAVED]
  step_key: s1_self
  target_name: В СЕБЯ (наклон вверх)
  default_target: self
  angle: 49.0
  pitch: 26.7
  remaining_queue_len: 0
  compass_calibration_database: {"s0_player_2": {"angle": 49.6, "target_id": "player_2", "pitch": -11.5}, "s0_self": {"angle": 269.5, "target_id": "self", "pitch": 45.8}, "s1_dealer": {"angle": 268.5, "target_id": "dealer", "pitch": -9.9}, "s1_self": {"angle": 49.0, "target_id": "self", "pitch": 26.7}}
------------------------------------------------------------
[2026-08-13 15:19:46.461] [SHOT_PROCESSED]
  incoming_angle: 41.5
  incoming_pitch: -14.9
  game_mode: story_one_round
  game_phase: player_turn
  current_shooter: {"id": "f0d4b9b7", "name": "123", "number": 1}
  shooter_s_idx: 0
  all_participants: [{"id": "f0d4b9b7", "name": "123"}, {"id": "d0e70360", "name": "DEALER"}]
  compass_calibration_state: {"s0_player_2": {"angle": 49.6, "target_id": "player_2", "pitch": -11.5}, "s0_self": {"angle": 269.5, "target_id": "self", "pitch": 45.8}, "s1_dealer": {"angle": 268.5, "target_id": "dealer", "pitch": -9.9}, "s1_self": {"angle": 49.0, "target_id": "self", "pitch": 26.7}}
  self_check: {"self_pitch_threshold": 32.059999999999995, "is_self_shot": false}
  spatial_check: {"best_idx": "s0_player_2", "assigned_target": "player_2"}
  final_target: {"actual_target_id": "d0e70360", "target_name": "DEALER", "is_self_shot": false}
------------------------------------------------------------
[2026-08-13 15:19:48.799] [SHOT_PROCESSED]
  incoming_angle: 252.6
  incoming_pitch: -4.1
  game_mode: story_one_round
  game_phase: player_turn
  current_shooter: {"id": "d0e70360", "name": "DEALER", "number": 2}
  shooter_s_idx: 1
  all_participants: [{"id": "f0d4b9b7", "name": "123"}, {"id": "d0e70360", "name": "DEALER"}]
  compass_calibration_state: {"s0_player_2": {"angle": 49.6, "target_id": "player_2", "pitch": -11.5}, "s0_self": {"angle": 269.5, "target_id": "self", "pitch": 45.8}, "s1_dealer": {"angle": 268.5, "target_id": "dealer", "pitch": -9.9}, "s1_self": {"angle": 49.0, "target_id": "self", "pitch": 26.7}}
  self_check: {"self_pitch_threshold": 22.0, "is_self_shot": false}
  spatial_check: {"best_idx": "s1_dealer", "assigned_target": "dealer"}
  final_target: {"actual_target_id": "d0e70360", "target_name": "DEALER", "is_self_shot": false}
------------------------------------------------------------
[2026-08-13 15:19:51.898] [SHOT_PROCESSED]
  incoming_angle: 252.9
  incoming_pitch: 38.6
  game_mode: story_one_round
  game_phase: player_turn
  current_shooter: {"id": "d0e70360", "name": "DEALER", "number": 2}
  shooter_s_idx: 1
  all_participants: [{"id": "f0d4b9b7", "name": "123"}, {"id": "d0e70360", "name": "DEALER"}]
  compass_calibration_state: {"s0_player_2": {"angle": 49.6, "target_id": "player_2", "pitch": -11.5}, "s0_self": {"angle": 269.5, "target_id": "self", "pitch": 45.8}, "s1_dealer": {"angle": 268.5, "target_id": "dealer", "pitch": -9.9}, "s1_self": {"angle": 49.0, "target_id": "self", "pitch": 26.7}}
  self_check: {"self_pitch_threshold": 22.0, "is_self_shot": true}
  spatial_check: {"best_idx": 0, "assigned_target": "self"}
  final_target: {"actual_target_id": "d0e70360", "target_name": "DEALER (В СЕБЯ 🎯)", "is_self_shot": true}
------------------------------------------------------------
[2026-08-13 15:19:58.726] [SHOT_PROCESSED]
  incoming_angle: 46.3
  incoming_pitch: 21.9
  game_mode: story_one_round
  game_phase: player_turn
  current_shooter: {"id": "f0d4b9b7", "name": "123", "number": 1}
  shooter_s_idx: 0
  all_participants: [{"id": "f0d4b9b7", "name": "123"}, {"id": "d0e70360", "name": "DEALER"}]
  compass_calibration_state: {"s0_player_2": {"angle": 49.6, "target_id": "player_2", "pitch": -11.5}, "s0_self": {"angle": 269.5, "target_id": "self", "pitch": 45.8}, "s1_dealer": {"angle": 268.5, "target_id": "dealer", "pitch": -9.9}, "s1_self": {"angle": 49.0, "target_id": "self", "pitch": 26.7}}
  self_check: {"self_pitch_threshold": 32.059999999999995, "is_self_shot": false}
  spatial_check: {"best_idx": "s0_player_2", "assigned_target": "player_2"}
  final_target: {"actual_target_id": "d0e70360", "target_name": "DEALER", "is_self_shot": false}
------------------------------------------------------------
[2026-08-13 15:21:22.690] [CALIBRATION_STARTED]
  game_mode: story_one_round
  participants: [["player_1", "Игрок 1"], ["dealer", "Дилер"]]
  queue_length: 4
  queue: [{"key": "s0_dealer", "shooter_idx": 0, "shooter_name": "Игрок 1", "target_id": "dealer", "target_name": "Дилер", "prompt": "🎯 Игрок 1 ➔ Наведите на Дилер"}, {"key": "s0_self", "shooter_idx": 0, "shooter_name": "Игрок 1", "target_id": "self", "target_name": "В СЕБЯ (наклон вверх)", "prompt": "🎯 Игрок 1 ➔ В СЕБЯ (наклон ствола вверх)"}, {"key": "s1_player_1", "shooter_idx": 1, "shooter_name": "Дилер", "target_id": "player_1", "target_name": "Игрок 1", "prompt": "🎯 Дилер ➔ Наведите на Игрок 1"}, {"key": "s1_self", "shooter_idx": 1, "shooter_name": "Дилер", "target_id": "self", "target_name": "В СЕБЯ (наклон вверх)", "prompt": "🎯 Дилер ➔ В СЕБЯ (наклон ствола вверх)"}]
------------------------------------------------------------
[2026-08-13 15:21:58.723] [CALIBRATION_STARTED]
  game_mode: story_one_round
  participants: [["player_1", "Игрок 1"], ["dealer", "Дилер"]]
  queue_length: 4
  queue: [{"key": "s0_dealer", "shooter_idx": 0, "shooter_name": "Игрок 1", "target_id": "dealer", "target_name": "Дилер", "prompt": "🎯 Игрок 1 ➔ Наведите на Дилер"}, {"key": "s0_self", "shooter_idx": 0, "shooter_name": "Игрок 1", "target_id": "self", "target_name": "В СЕБЯ (наклон вверх)", "prompt": "🎯 Игрок 1 ➔ В СЕБЯ (наклон ствола вверх)"}, {"key": "s1_player_1", "shooter_idx": 1, "shooter_name": "Дилер", "target_id": "player_1", "target_name": "Игрок 1", "prompt": "🎯 Дилер ➔ Наведите на Игрок 1"}, {"key": "s1_self", "shooter_idx": 1, "shooter_name": "Дилер", "target_id": "self", "target_name": "В СЕБЯ (наклон вверх)", "prompt": "🎯 Дилер ➔ В СЕБЯ (наклон ствола вверх)"}]
------------------------------------------------------------
[2026-08-13 15:22:04.079] [CALIBRATION_STEP_SAVED]
  step_key: s0_dealer
  target_name: Дилер
  default_target: dealer
  angle: 54.4
  pitch: -17.9
  remaining_queue_len: 3
  compass_calibration_database: {"s0_dealer": {"angle": 54.4, "target_id": "dealer", "pitch": -17.9}}
------------------------------------------------------------
[2026-08-13 15:22:12.547] [CALIBRATION_STARTED]
  game_mode: story_one_round
  participants: [["player_1", "Игрок 1"], ["dealer", "Дилер"]]
  queue_length: 4
  queue: [{"key": "s0_dealer", "shooter_idx": 0, "shooter_name": "Игрок 1", "target_id": "dealer", "target_name": "Дилер", "prompt": "🎯 Игрок 1 ➔ Наведите на Дилер"}, {"key": "s0_self", "shooter_idx": 0, "shooter_name": "Игрок 1", "target_id": "self", "target_name": "В СЕБЯ (наклон вверх)", "prompt": "🎯 Игрок 1 ➔ В СЕБЯ (наклон ствола вверх)"}, {"key": "s1_player_1", "shooter_idx": 1, "shooter_name": "Дилер", "target_id": "player_1", "target_name": "Игрок 1", "prompt": "🎯 Дилер ➔ Наведите на Игрок 1"}, {"key": "s1_self", "shooter_idx": 1, "shooter_name": "Дилер", "target_id": "self", "target_name": "В СЕБЯ (наклон вверх)", "prompt": "🎯 Дилер ➔ В СЕБЯ (наклон ствола вверх)"}]
------------------------------------------------------------
[2026-08-13 15:22:16.335] [CALIBRATION_STEP_SAVED]
  step_key: s0_dealer
  target_name: Дилер
  default_target: dealer
  angle: 33.3
  pitch: -10.1
  remaining_queue_len: 3
  compass_calibration_database: {"s0_dealer": {"angle": 33.3, "target_id": "dealer", "pitch": -10.1}}
------------------------------------------------------------
[2026-08-13 15:22:19.368] [CALIBRATION_STEP_SAVED]
  step_key: s0_self
  target_name: В СЕБЯ (наклон вверх)
  default_target: self
  angle: 259.5
  pitch: 54.3
  remaining_queue_len: 2
  compass_calibration_database: {"s0_dealer": {"angle": 33.3, "target_id": "dealer", "pitch": -10.1}, "s0_self": {"angle": 259.5, "target_id": "self", "pitch": 54.3}}
------------------------------------------------------------
[2026-08-13 15:22:25.261] [CALIBRATION_STEP_SAVED]
  step_key: s1_player_1
  target_name: Игрок 1
  default_target: player_1
  angle: 251.0
  pitch: -7.9
  remaining_queue_len: 1
  compass_calibration_database: {"s0_dealer": {"angle": 33.3, "target_id": "dealer", "pitch": -10.1}, "s0_self": {"angle": 259.5, "target_id": "self", "pitch": 54.3}, "s1_player_1": {"angle": 251.0, "target_id": "player_1", "pitch": -7.9}}
------------------------------------------------------------
[2026-08-13 15:22:29.779] [CALIBRATION_STEP_SAVED]
  step_key: s1_self
  target_name: В СЕБЯ (наклон вверх)
  default_target: self
  angle: 52.0
  pitch: 31.2
  remaining_queue_len: 0
  compass_calibration_database: {"s0_dealer": {"angle": 33.3, "target_id": "dealer", "pitch": -10.1}, "s0_self": {"angle": 259.5, "target_id": "self", "pitch": 54.3}, "s1_player_1": {"angle": 251.0, "target_id": "player_1", "pitch": -7.9}, "s1_self": {"angle": 52.0, "target_id": "self", "pitch": 31.2}}
------------------------------------------------------------
[2026-08-13 15:22:32.083] [CALIBRATION_STARTED]
  game_mode: story_one_round
  participants: [["player_1", "Игрок 1"], ["dealer", "Дилер"]]
  queue_length: 4
  queue: [{"key": "s0_dealer", "shooter_idx": 0, "shooter_name": "Игрок 1", "target_id": "dealer", "target_name": "Дилер", "prompt": "🎯 Игрок 1 ➔ Наведите на Дилер"}, {"key": "s0_self", "shooter_idx": 0, "shooter_name": "Игрок 1", "target_id": "self", "target_name": "В СЕБЯ (наклон вверх)", "prompt": "🎯 Игрок 1 ➔ В СЕБЯ (наклон ствола вверх)"}, {"key": "s1_player_1", "shooter_idx": 1, "shooter_name": "Дилер", "target_id": "player_1", "target_name": "Игрок 1", "prompt": "🎯 Дилер ➔ Наведите на Игрок 1"}, {"key": "s1_self", "shooter_idx": 1, "shooter_name": "Дилер", "target_id": "self", "target_name": "В СЕБЯ (наклон вверх)", "prompt": "🎯 Дилер ➔ В СЕБЯ (наклон ствола вверх)"}]
------------------------------------------------------------
[2026-08-13 15:22:35.052] [CALIBRATION_STEP_SAVED]
  step_key: s0_dealer
  target_name: Дилер
  default_target: dealer
  angle: 45.4
  pitch: -19.1
  remaining_queue_len: 3
  compass_calibration_database: {"s0_dealer": {"angle": 45.4, "target_id": "dealer", "pitch": -19.1}}
------------------------------------------------------------
[2026-08-13 15:22:39.277] [CALIBRATION_STEP_SAVED]
  step_key: s0_self
  target_name: В СЕБЯ (наклон вверх)
  default_target: self
  angle: 254.3
  pitch: 48.8
  remaining_queue_len: 2
  compass_calibration_database: {"s0_dealer": {"angle": 45.4, "target_id": "dealer", "pitch": -19.1}, "s0_self": {"angle": 254.3, "target_id": "self", "pitch": 48.8}}
------------------------------------------------------------
[2026-08-13 15:22:45.559] [CALIBRATION_STEP_SAVED]
  step_key: s1_player_1
  target_name: Игрок 1
  default_target: player_1
  angle: 288.8
  pitch: -7.6
  remaining_queue_len: 1
  compass_calibration_database: {"s0_dealer": {"angle": 45.4, "target_id": "dealer", "pitch": -19.1}, "s0_self": {"angle": 254.3, "target_id": "self", "pitch": 48.8}, "s1_player_1": {"angle": 288.8, "target_id": "player_1", "pitch": -7.6}}
------------------------------------------------------------
[2026-08-13 15:22:49.580] [CALIBRATION_STEP_SAVED]
  step_key: s1_self
  target_name: В СЕБЯ (наклон вверх)
  default_target: self
  angle: 74.9
  pitch: 28.1
  remaining_queue_len: 0
  compass_calibration_database: {"s0_dealer": {"angle": 45.4, "target_id": "dealer", "pitch": -19.1}, "s0_self": {"angle": 254.3, "target_id": "self", "pitch": 48.8}, "s1_player_1": {"angle": 288.8, "target_id": "player_1", "pitch": -7.6}, "s1_self": {"angle": 74.9, "target_id": "self", "pitch": 28.1}}
------------------------------------------------------------
[2026-08-13 15:23:02.336] [SHOT_PROCESSED]
  incoming_angle: 71.5
  incoming_pitch: -12.0
  game_mode: story_one_round
  game_phase: player_turn
  current_shooter: {"id": "3553a2aa", "name": "123", "number": 1}
  shooter_s_idx: 0
  all_participants: [{"id": "3553a2aa", "name": "123"}, {"id": "e9d2dc2c", "name": "DEALER"}]
  compass_calibration_state: {"s0_dealer": {"angle": 45.4, "target_id": "dealer", "pitch": -19.1}, "s0_self": {"angle": 254.3, "target_id": "self", "pitch": 48.8}, "s1_player_1": {"angle": 288.8, "target_id": "player_1", "pitch": -7.6}, "s1_self": {"angle": 74.9, "target_id": "self", "pitch": 28.1}}
  self_check: {"self_pitch_threshold": 34.16, "is_self_shot": false}
  spatial_check: {"best_idx": "s0_dealer", "assigned_target": "dealer"}
  final_target: {"actual_target_id": "e9d2dc2c", "target_name": "DEALER", "is_self_shot": false}
------------------------------------------------------------
[2026-08-13 15:23:04.780] [SHOT_PROCESSED]
  incoming_angle: 286.8
  incoming_pitch: 7.5
  game_mode: story_one_round
  game_phase: player_turn
  current_shooter: {"id": "e9d2dc2c", "name": "DEALER", "number": 2}
  shooter_s_idx: 1
  all_participants: [{"id": "3553a2aa", "name": "123"}, {"id": "e9d2dc2c", "name": "DEALER"}]
  compass_calibration_state: {"s0_dealer": {"angle": 45.4, "target_id": "dealer", "pitch": -19.1}, "s0_self": {"angle": 254.3, "target_id": "self", "pitch": 48.8}, "s1_player_1": {"angle": 288.8, "target_id": "player_1", "pitch": -7.6}, "s1_self": {"angle": 74.9, "target_id": "self", "pitch": 28.1}}
  self_check: {"self_pitch_threshold": 22.0, "is_self_shot": false}
  spatial_check: {"best_idx": "s1_player_1", "assigned_target": "player_1"}
  final_target: {"actual_target_id": "3553a2aa", "target_name": "123", "is_self_shot": false}
------------------------------------------------------------
[2026-08-13 15:23:09.513] [SHOT_PROCESSED]
  incoming_angle: 264.1
  incoming_pitch: 24.9
  game_mode: story_one_round
  game_phase: player_turn
  current_shooter: {"id": "3553a2aa", "name": "123", "number": 1}
  shooter_s_idx: 0
  all_participants: [{"id": "3553a2aa", "name": "123"}, {"id": "e9d2dc2c", "name": "DEALER"}]
  compass_calibration_state: {"s0_dealer": {"angle": 45.4, "target_id": "dealer", "pitch": -19.1}, "s0_self": {"angle": 254.3, "target_id": "self", "pitch": 48.8}, "s1_player_1": {"angle": 288.8, "target_id": "player_1", "pitch": -7.6}, "s1_self": {"angle": 74.9, "target_id": "self", "pitch": 28.1}}
  self_check: {"self_pitch_threshold": 34.16, "is_self_shot": false}
  spatial_check: {"best_idx": "s0_dealer", "assigned_target": "dealer"}
  final_target: {"actual_target_id": "e9d2dc2c", "target_name": "DEALER", "is_self_shot": false}
------------------------------------------------------------
[2026-08-13 15:23:25.201] [SHOT_PROCESSED]
  incoming_angle: 79.3
  incoming_pitch: -15.8
  game_mode: story_one_round
  game_phase: player_turn
  current_shooter: {"id": "391cbf56", "name": "123", "number": 1}
  shooter_s_idx: 0
  all_participants: [{"id": "391cbf56", "name": "123"}, {"id": "50e803c0", "name": "DEALER"}]
  compass_calibration_state: {"s0_dealer": {"angle": 45.4, "target_id": "dealer", "pitch": -19.1}, "s0_self": {"angle": 254.3, "target_id": "self", "pitch": 48.8}, "s1_player_1": {"angle": 288.8, "target_id": "player_1", "pitch": -7.6}, "s1_self": {"angle": 74.9, "target_id": "self", "pitch": 28.1}}
  self_check: {"self_pitch_threshold": 34.16, "is_self_shot": false}
  spatial_check: {"best_idx": "s0_dealer", "assigned_target": "dealer"}
  final_target: {"actual_target_id": "50e803c0", "target_name": "DEALER", "is_self_shot": false}
------------------------------------------------------------
[2026-08-13 15:23:28.670] [SHOT_PROCESSED]
  incoming_angle: 31.8
  incoming_pitch: 28.5
  game_mode: story_one_round
  game_phase: player_turn
  current_shooter: {"id": "50e803c0", "name": "DEALER", "number": 2}
  shooter_s_idx: 1
  all_participants: [{"id": "391cbf56", "name": "123"}, {"id": "50e803c0", "name": "DEALER"}]
  compass_calibration_state: {"s0_dealer": {"angle": 45.4, "target_id": "dealer", "pitch": -19.1}, "s0_self": {"angle": 254.3, "target_id": "self", "pitch": 48.8}, "s1_player_1": {"angle": 288.8, "target_id": "player_1", "pitch": -7.6}, "s1_self": {"angle": 74.9, "target_id": "self", "pitch": 28.1}}
  self_check: {"self_pitch_threshold": 22.0, "is_self_shot": true}
  spatial_check: {"best_idx": 0, "assigned_target": "self"}
  final_target: {"actual_target_id": "50e803c0", "target_name": "DEALER (В СЕБЯ 🎯)", "is_self_shot": true}
------------------------------------------------------------
[2026-08-13 15:23:31.039] [SHOT_PROCESSED]
  incoming_angle: 31.0
  incoming_pitch: 28.7
  game_mode: story_one_round
  game_phase: player_turn
  current_shooter: {"id": "50e803c0", "name": "DEALER", "number": 2}
  shooter_s_idx: 1
  all_participants: [{"id": "391cbf56", "name": "123"}, {"id": "50e803c0", "name": "DEALER"}]
  compass_calibration_state: {"s0_dealer": {"angle": 45.4, "target_id": "dealer", "pitch": -19.1}, "s0_self": {"angle": 254.3, "target_id": "self", "pitch": 48.8}, "s1_player_1": {"angle": 288.8, "target_id": "player_1", "pitch": -7.6}, "s1_self": {"angle": 74.9, "target_id": "self", "pitch": 28.1}}
  self_check: {"self_pitch_threshold": 22.0, "is_self_shot": true}
  spatial_check: {"best_idx": 0, "assigned_target": "self"}
  final_target: {"actual_target_id": "50e803c0", "target_name": "DEALER (В СЕБЯ 🎯)", "is_self_shot": true}
------------------------------------------------------------
[2026-08-13 15:23:38.582] [SHOT_PROCESSED]
  incoming_angle: 6.5
  incoming_pitch: -16.6
  game_mode: story_one_round
  game_phase: player_turn
  current_shooter: {"id": "391cbf56", "name": "123", "number": 1}
  shooter_s_idx: 0
  all_participants: [{"id": "391cbf56", "name": "123"}, {"id": "50e803c0", "name": "DEALER"}]
  compass_calibration_state: {"s0_dealer": {"angle": 45.4, "target_id": "dealer", "pitch": -19.1}, "s0_self": {"angle": 254.3, "target_id": "self", "pitch": 48.8}, "s1_player_1": {"angle": 288.8, "target_id": "player_1", "pitch": -7.6}, "s1_self": {"angle": 74.9, "target_id": "self", "pitch": 28.1}}
  self_check: {"self_pitch_threshold": 34.16, "is_self_shot": false}
  spatial_check: {"best_idx": "s0_dealer", "assigned_target": "dealer"}
  final_target: {"actual_target_id": "50e803c0", "target_name": "DEALER", "is_self_shot": false}
------------------------------------------------------------
[2026-08-13 15:23:40.857] [SHOT_PROCESSED]
  incoming_angle: 211.8
  incoming_pitch: -3.3
  game_mode: story_one_round
  game_phase: player_turn
  current_shooter: {"id": "50e803c0", "name": "DEALER", "number": 2}
  shooter_s_idx: 1
  all_participants: [{"id": "391cbf56", "name": "123"}, {"id": "50e803c0", "name": "DEALER"}]
  compass_calibration_state: {"s0_dealer": {"angle": 45.4, "target_id": "dealer", "pitch": -19.1}, "s0_self": {"angle": 254.3, "target_id": "self", "pitch": 48.8}, "s1_player_1": {"angle": 288.8, "target_id": "player_1", "pitch": -7.6}, "s1_self": {"angle": 74.9, "target_id": "self", "pitch": 28.1}}
  self_check: {"self_pitch_threshold": 22.0, "is_self_shot": false}
  spatial_check: {"best_idx": "s1_player_1", "assigned_target": "player_1"}
  final_target: {"actual_target_id": "391cbf56", "target_name": "123", "is_self_shot": false}
------------------------------------------------------------
[2026-08-13 15:23:44.515] [SHOT_PROCESSED]
  incoming_angle: 232.0
  incoming_pitch: 43.5
  game_mode: story_one_round
  game_phase: player_turn
  current_shooter: {"id": "391cbf56", "name": "123", "number": 1}
  shooter_s_idx: 0
  all_participants: [{"id": "391cbf56", "name": "123"}, {"id": "50e803c0", "name": "DEALER"}]
  compass_calibration_state: {"s0_dealer": {"angle": 45.4, "target_id": "dealer", "pitch": -19.1}, "s0_self": {"angle": 254.3, "target_id": "self", "pitch": 48.8}, "s1_player_1": {"angle": 288.8, "target_id": "player_1", "pitch": -7.6}, "s1_self": {"angle": 74.9, "target_id": "self", "pitch": 28.1}}
  self_check: {"self_pitch_threshold": 34.16, "is_self_shot": true}
  spatial_check: {"best_idx": 0, "assigned_target": "self"}
  final_target: {"actual_target_id": "391cbf56", "target_name": "123 (В СЕБЯ 🎯)", "is_self_shot": true}
------------------------------------------------------------
[2026-08-13 15:23:48.045] [SHOT_PROCESSED]
  incoming_angle: 10.8
  incoming_pitch: 20.7
  game_mode: story_one_round
  game_phase: player_turn
  current_shooter: {"id": "50e803c0", "name": "DEALER", "number": 2}
  shooter_s_idx: 1
  all_participants: [{"id": "391cbf56", "name": "123"}, {"id": "50e803c0", "name": "DEALER"}]
  compass_calibration_state: {"s0_dealer": {"angle": 45.4, "target_id": "dealer", "pitch": -19.1}, "s0_self": {"angle": 254.3, "target_id": "self", "pitch": 48.8}, "s1_player_1": {"angle": 288.8, "target_id": "player_1", "pitch": -7.6}, "s1_self": {"angle": 74.9, "target_id": "self", "pitch": 28.1}}
  self_check: {"self_pitch_threshold": 22.0, "is_self_shot": false}
  spatial_check: {"best_idx": "s1_player_1", "assigned_target": "player_1"}
  final_target: {"actual_target_id": "391cbf56", "target_name": "123", "is_self_shot": false}
------------------------------------------------------------
[2026-08-13 15:23:55.494] [SHOT_PROCESSED]
  incoming_angle: 346.2
  incoming_pitch: 38.0
  game_mode: story_one_round
  game_phase: player_turn
  current_shooter: {"id": "50e803c0", "name": "DEALER", "number": 2}
  shooter_s_idx: 1
  all_participants: [{"id": "391cbf56", "name": "123"}, {"id": "50e803c0", "name": "DEALER"}]
  compass_calibration_state: {"s0_dealer": {"angle": 45.4, "target_id": "dealer", "pitch": -19.1}, "s0_self": {"angle": 254.3, "target_id": "self", "pitch": 48.8}, "s1_player_1": {"angle": 288.8, "target_id": "player_1", "pitch": -7.6}, "s1_self": {"angle": 74.9, "target_id": "self", "pitch": 28.1}}
  self_check: {"self_pitch_threshold": 22.0, "is_self_shot": true}
  spatial_check: {"best_idx": 0, "assigned_target": "self"}
  final_target: {"actual_target_id": "50e803c0", "target_name": "DEALER (В СЕБЯ 🎯)", "is_self_shot": true}
------------------------------------------------------------
[2026-08-13 15:23:59.812] [SHOT_PROCESSED]
  incoming_angle: 324.2
  incoming_pitch: -14.6
  game_mode: story_one_round
  game_phase: player_turn
  current_shooter: {"id": "50e803c0", "name": "DEALER", "number": 2}
  shooter_s_idx: 1
  all_participants: [{"id": "391cbf56", "name": "123"}, {"id": "50e803c0", "name": "DEALER"}]
  compass_calibration_state: {"s0_dealer": {"angle": 45.4, "target_id": "dealer", "pitch": -19.1}, "s0_self": {"angle": 254.3, "target_id": "self", "pitch": 48.8}, "s1_player_1": {"angle": 288.8, "target_id": "player_1", "pitch": -7.6}, "s1_self": {"angle": 74.9, "target_id": "self", "pitch": 28.1}}
  self_check: {"self_pitch_threshold": 22.0, "is_self_shot": false}
  spatial_check: {"best_idx": "s1_player_1", "assigned_target": "player_1"}
  final_target: {"actual_target_id": "391cbf56", "target_name": "123", "is_self_shot": false}
------------------------------------------------------------
[2026-08-13 15:24:10.875] [SHOT_PROCESSED]
  incoming_angle: 167.0
  incoming_pitch: 39.3
  game_mode: story_one_round
  game_phase: player_turn
  current_shooter: {"id": "50e803c0", "name": "DEALER", "number": 2}
  shooter_s_idx: 1
  all_participants: [{"id": "391cbf56", "name": "123"}, {"id": "50e803c0", "name": "DEALER"}]
  compass_calibration_state: {"s0_dealer": {"angle": 45.4, "target_id": "dealer", "pitch": -19.1}, "s0_self": {"angle": 254.3, "target_id": "self", "pitch": 48.8}, "s1_player_1": {"angle": 288.8, "target_id": "player_1", "pitch": -7.6}, "s1_self": {"angle": 74.9, "target_id": "self", "pitch": 28.1}}
  self_check: {"self_pitch_threshold": 22.0, "is_self_shot": true}
  spatial_check: {"best_idx": 0, "assigned_target": "self"}
  final_target: {"actual_target_id": "50e803c0", "target_name": "DEALER (В СЕБЯ 🎯)", "is_self_shot": true}
------------------------------------------------------------
[2026-08-13 15:24:17.690] [CALIBRATION_STARTED]
  game_mode: story_one_round
  participants: [["player_1", "Игрок 1"], ["dealer", "Дилер"]]
  queue_length: 4
  queue: [{"key": "s0_dealer", "shooter_idx": 0, "shooter_name": "Игрок 1", "target_id": "dealer", "target_name": "Дилер", "prompt": "🎯 Игрок 1 ➔ Наведите на Дилер"}, {"key": "s0_self", "shooter_idx": 0, "shooter_name": "Игрок 1", "target_id": "self", "target_name": "В СЕБЯ (наклон вверх)", "prompt": "🎯 Игрок 1 ➔ В СЕБЯ (наклон ствола вверх)"}, {"key": "s1_player_1", "shooter_idx": 1, "shooter_name": "Дилер", "target_id": "player_1", "target_name": "Игрок 1", "prompt": "🎯 Дилер ➔ Наведите на Игрок 1"}, {"key": "s1_self", "shooter_idx": 1, "shooter_name": "Дилер", "target_id": "self", "target_name": "В СЕБЯ (наклон вверх)", "prompt": "🎯 Дилер ➔ В СЕБЯ (наклон ствола вверх)"}]
------------------------------------------------------------
[2026-08-13 15:24:25.300] [CALIBRATION_STEP_SAVED]
  step_key: s0_dealer
  target_name: Дилер
  default_target: dealer
  angle: 316.0
  pitch: -9.1
  remaining_queue_len: 3
  compass_calibration_database: {"s0_dealer": {"angle": 316.0, "target_id": "dealer", "pitch": -9.1}}
------------------------------------------------------------
[2026-08-13 15:24:30.025] [CALIBRATION_STEP_SAVED]
  step_key: s0_self
  target_name: В СЕБЯ (наклон вверх)
  default_target: self
  angle: 157.0
  pitch: 47.7
  remaining_queue_len: 2
  compass_calibration_database: {"s0_dealer": {"angle": 316.0, "target_id": "dealer", "pitch": -9.1}, "s0_self": {"angle": 157.0, "target_id": "self", "pitch": 47.7}}
------------------------------------------------------------
[2026-08-13 15:24:34.015] [CALIBRATION_STEP_SAVED]
  step_key: s1_player_1
  target_name: Игрок 1
  default_target: player_1
  angle: 194.5
  pitch: -16.1
  remaining_queue_len: 1
  compass_calibration_database: {"s0_dealer": {"angle": 316.0, "target_id": "dealer", "pitch": -9.1}, "s0_self": {"angle": 157.0, "target_id": "self", "pitch": 47.7}, "s1_player_1": {"angle": 194.5, "target_id": "player_1", "pitch": -16.1}}
------------------------------------------------------------
[2026-08-13 15:24:39.568] [CALIBRATION_STEP_SAVED]
  step_key: s1_self
  target_name: В СЕБЯ (наклон вверх)
  default_target: self
  angle: 352.8
  pitch: 43.1
  remaining_queue_len: 0
  compass_calibration_database: {"s0_dealer": {"angle": 316.0, "target_id": "dealer", "pitch": -9.1}, "s0_self": {"angle": 157.0, "target_id": "self", "pitch": 47.7}, "s1_player_1": {"angle": 194.5, "target_id": "player_1", "pitch": -16.1}, "s1_self": {"angle": 352.8, "target_id": "self", "pitch": 43.1}}
------------------------------------------------------------
[2026-08-13 15:24:55.980] [SHOT_PROCESSED]
  incoming_angle: 358.0
  incoming_pitch: 12.3
  game_mode: story_one_round
  game_phase: player_turn
  current_shooter: {"id": "e841dd07", "name": "123", "number": 1}
  shooter_s_idx: 0
  all_participants: [{"id": "e841dd07", "name": "123"}, {"id": "7a855ac5", "name": "DEALER"}]
  compass_calibration_state: {"s0_dealer": {"angle": 316.0, "target_id": "dealer", "pitch": -9.1}, "s0_self": {"angle": 157.0, "target_id": "self", "pitch": 47.7}, "s1_player_1": {"angle": 194.5, "target_id": "player_1", "pitch": -16.1}, "s1_self": {"angle": 352.8, "target_id": "self", "pitch": 43.1}}
  self_check: {"self_pitch_threshold": 33.39, "is_self_shot": false}
  spatial_check: {"best_idx": "s0_dealer", "assigned_target": "dealer"}
  final_target: {"actual_target_id": "7a855ac5", "target_name": "DEALER", "is_self_shot": false}
------------------------------------------------------------
[2026-08-13 15:24:59.389] [SHOT_PROCESSED]
  incoming_angle: 349.3
  incoming_pitch: 32.4
  game_mode: story_one_round
  game_phase: player_turn
  current_shooter: {"id": "7a855ac5", "name": "DEALER", "number": 2}
  shooter_s_idx: 1
  all_participants: [{"id": "e841dd07", "name": "123"}, {"id": "7a855ac5", "name": "DEALER"}]
  compass_calibration_state: {"s0_dealer": {"angle": 316.0, "target_id": "dealer", "pitch": -9.1}, "s0_self": {"angle": 157.0, "target_id": "self", "pitch": 47.7}, "s1_player_1": {"angle": 194.5, "target_id": "player_1", "pitch": -16.1}, "s1_self": {"angle": 352.8, "target_id": "self", "pitch": 43.1}}
  self_check: {"self_pitch_threshold": 30.169999999999998, "is_self_shot": true}
  spatial_check: {"best_idx": 0, "assigned_target": "self"}
  final_target: {"actual_target_id": "7a855ac5", "target_name": "DEALER (В СЕБЯ 🎯)", "is_self_shot": true}
------------------------------------------------------------
[2026-08-13 15:25:01.148] [SHOT_PROCESSED]
  incoming_angle: 341.9
  incoming_pitch: -13.3
  game_mode: story_one_round
  game_phase: player_turn
  current_shooter: {"id": "7a855ac5", "name": "DEALER", "number": 2}
  shooter_s_idx: 1
  all_participants: [{"id": "e841dd07", "name": "123"}, {"id": "7a855ac5", "name": "DEALER"}]
  compass_calibration_state: {"s0_dealer": {"angle": 316.0, "target_id": "dealer", "pitch": -9.1}, "s0_self": {"angle": 157.0, "target_id": "self", "pitch": 47.7}, "s1_player_1": {"angle": 194.5, "target_id": "player_1", "pitch": -16.1}, "s1_self": {"angle": 352.8, "target_id": "self", "pitch": 43.1}}
  self_check: {"self_pitch_threshold": 30.169999999999998, "is_self_shot": false}
  spatial_check: {"best_idx": "s1_player_1", "assigned_target": "player_1"}
  final_target: {"actual_target_id": "e841dd07", "target_name": "123", "is_self_shot": false}
------------------------------------------------------------
[2026-08-13 15:26:44.151] [CALIBRATION_STARTED]
  game_mode: story_one_round
  participants: [["player_1", "Vasya (# 1)"], ["dealer", "DEALER"]]
  queue_length: 4
  queue: [{"key": "s0_dealer", "shooter_idx": 0, "shooter_name": "Vasya (# 1)", "target_id": "dealer", "target_name": "DEALER", "prompt": "🎯 Vasya (# 1) ➔ Наведите на DEALER"}, {"key": "s0_self", "shooter_idx": 0, "shooter_name": "Vasya (# 1)", "target_id": "self", "target_name": "В СЕБЯ (наклон вверх)", "prompt": "🎯 Vasya (# 1) ➔ В СЕБЯ (наклон ствола вверх)"}, {"key": "s1_player_1", "shooter_idx": 1, "shooter_name": "DEALER", "target_id": "player_1", "target_name": "Vasya (# 1)", "prompt": "🎯 DEALER ➔ Наведите на Vasya (# 1)"}, {"key": "s1_self", "shooter_idx": 1, "shooter_name": "DEALER", "target_id": "self", "target_name": "В СЕБЯ (наклон вверх)", "prompt": "🎯 DEALER ➔ В СЕБЯ (наклон ствола вверх)"}]
------------------------------------------------------------
[2026-08-13 15:26:44.152] [CALIBRATION_STEP_SAVED]
  step_key: s0_dealer
  target_name: DEALER
  default_target: dealer
  angle: 50.0
  pitch: -10.0
  remaining_queue_len: 3
  compass_calibration_database: {"s0_dealer": {"angle": 50.0, "target_id": "dealer", "pitch": -10.0}}
------------------------------------------------------------
[2026-08-13 15:26:44.152] [CALIBRATION_STEP_SAVED]
  step_key: s0_self
  target_name: В СЕБЯ (наклон вверх)
  default_target: self
  angle: 230.0
  pitch: -5.0
  remaining_queue_len: 2
  compass_calibration_database: {"s0_dealer": {"angle": 50.0, "target_id": "dealer", "pitch": -10.0}, "s0_self": {"angle": 230.0, "target_id": "self", "pitch": -5.0}}
------------------------------------------------------------
[2026-08-13 15:26:44.153] [CALIBRATION_STEP_SAVED]
  step_key: s1_player_1
  target_name: Vasya (# 1)
  default_target: player_1
  angle: 230.0
  pitch: -10.0
  remaining_queue_len: 1
  compass_calibration_database: {"s0_dealer": {"angle": 50.0, "target_id": "dealer", "pitch": -10.0}, "s0_self": {"angle": 230.0, "target_id": "self", "pitch": -5.0}, "s1_player_1": {"angle": 230.0, "target_id": "player_1", "pitch": -10.0}}
------------------------------------------------------------
[2026-08-13 15:26:44.153] [CALIBRATION_STEP_SAVED]
  step_key: s1_self
  target_name: В СЕБЯ (наклон вверх)
  default_target: self
  angle: 50.0
  pitch: -5.0
  remaining_queue_len: 0
  compass_calibration_database: {"s0_dealer": {"angle": 50.0, "target_id": "dealer", "pitch": -10.0}, "s0_self": {"angle": 230.0, "target_id": "self", "pitch": -5.0}, "s1_player_1": {"angle": 230.0, "target_id": "player_1", "pitch": -10.0}, "s1_self": {"angle": 50.0, "target_id": "self", "pitch": -5.0}}
------------------------------------------------------------
[2026-08-13 15:26:44.155] [SHOT_PROCESSED]
  incoming_angle: 52.0
  incoming_pitch: -8.0
  game_mode: story_one_round
  game_phase: player_turn
  current_shooter: {"id": "abb96f36", "name": "Vasya", "number": 1}
  shooter_s_idx: 0
  all_participants: [{"id": "abb96f36", "name": "Vasya"}, {"id": "2d0ed884", "name": "DEALER"}]
  compass_calibration_state: {"s0_dealer": {"angle": 50.0, "target_id": "dealer", "pitch": -10.0}, "s0_self": {"angle": 230.0, "target_id": "self", "pitch": -5.0}, "s1_player_1": {"angle": 230.0, "target_id": "player_1", "pitch": -10.0}, "s1_self": {"angle": 50.0, "target_id": "self", "pitch": -5.0}}
  self_check: {"self_pitch_threshold": 25.0, "is_self_shot": false}
  spatial_check: {"best_idx": "s0_dealer", "assigned_target": "dealer"}
  final_target: {"actual_target_id": "2d0ed884", "target_name": "DEALER", "is_self_shot": false}
------------------------------------------------------------
[2026-08-13 15:26:44.155] [SHOT_PROCESSED]
  incoming_angle: 225.0
  incoming_pitch: -6.0
  game_mode: story_one_round
  game_phase: player_turn
  current_shooter: {"id": "abb96f36", "name": "Vasya", "number": 1}
  shooter_s_idx: 0
  all_participants: [{"id": "abb96f36", "name": "Vasya"}, {"id": "2d0ed884", "name": "DEALER"}]
  compass_calibration_state: {"s0_dealer": {"angle": 50.0, "target_id": "dealer", "pitch": -10.0}, "s0_self": {"angle": 230.0, "target_id": "self", "pitch": -5.0}, "s1_player_1": {"angle": 230.0, "target_id": "player_1", "pitch": -10.0}, "s1_self": {"angle": 50.0, "target_id": "self", "pitch": -5.0}}
  self_check: {"self_pitch_threshold": 25.0, "is_self_shot": true}
  spatial_check: {"best_idx": "s0_self", "assigned_target": "self"}
  final_target: {"actual_target_id": "abb96f36", "target_name": "Vasya (В СЕБЯ 🎯)", "is_self_shot": true}
------------------------------------------------------------
[2026-08-13 15:26:44.156] [SHOT_PROCESSED]
  incoming_angle: 233.0
  incoming_pitch: -9.0
  game_mode: story_one_round
  game_phase: player_turn
  current_shooter: {"id": "2d0ed884", "name": "DEALER", "number": 2}
  shooter_s_idx: 1
  all_participants: [{"id": "abb96f36", "name": "Vasya"}, {"id": "2d0ed884", "name": "DEALER"}]
  compass_calibration_state: {"s0_dealer": {"angle": 50.0, "target_id": "dealer", "pitch": -10.0}, "s0_self": {"angle": 230.0, "target_id": "self", "pitch": -5.0}, "s1_player_1": {"angle": 230.0, "target_id": "player_1", "pitch": -10.0}, "s1_self": {"angle": 50.0, "target_id": "self", "pitch": -5.0}}
  self_check: {"self_pitch_threshold": 25.0, "is_self_shot": false}
  spatial_check: {"best_idx": "s1_player_1", "assigned_target": "player_1"}
  final_target: {"actual_target_id": "abb96f36", "target_name": "Vasya", "is_self_shot": false}
------------------------------------------------------------
[2026-08-13 15:26:44.158] [SHOT_PROCESSED]
  incoming_angle: 48.0
  incoming_pitch: -4.0
  game_mode: story_one_round
  game_phase: player_turn
  current_shooter: {"id": "2d0ed884", "name": "DEALER", "number": 2}
  shooter_s_idx: 1
  all_participants: [{"id": "abb96f36", "name": "Vasya"}, {"id": "2d0ed884", "name": "DEALER"}]
  compass_calibration_state: {"s0_dealer": {"angle": 50.0, "target_id": "dealer", "pitch": -10.0}, "s0_self": {"angle": 230.0, "target_id": "self", "pitch": -5.0}, "s1_player_1": {"angle": 230.0, "target_id": "player_1", "pitch": -10.0}, "s1_self": {"angle": 50.0, "target_id": "self", "pitch": -5.0}}
  self_check: {"self_pitch_threshold": 25.0, "is_self_shot": true}
  spatial_check: {"best_idx": "s1_self", "assigned_target": "self"}
  final_target: {"actual_target_id": "2d0ed884", "target_name": "DEALER (В СЕБЯ 🎯)", "is_self_shot": true}
------------------------------------------------------------
[2026-08-13 15:28:02.277] [CALIBRATION_STARTED]
  game_mode: story_one_round
  participants: [["player_1", "Игрок 1"], ["dealer", "Дилер"]]
  queue_length: 4
  queue: [{"key": "s0_dealer", "shooter_idx": 0, "shooter_name": "Игрок 1", "target_id": "dealer", "target_name": "Дилер", "prompt": "🎯 Игрок 1 ➔ Наведите на Дилер"}, {"key": "s0_self", "shooter_idx": 0, "shooter_name": "Игрок 1", "target_id": "self", "target_name": "В СЕБЯ (наклон вверх)", "prompt": "🎯 Игрок 1 ➔ В СЕБЯ (наклон ствола вверх)"}, {"key": "s1_player_1", "shooter_idx": 1, "shooter_name": "Дилер", "target_id": "player_1", "target_name": "Игрок 1", "prompt": "🎯 Дилер ➔ Наведите на Игрок 1"}, {"key": "s1_self", "shooter_idx": 1, "shooter_name": "Дилер", "target_id": "self", "target_name": "В СЕБЯ (наклон вверх)", "prompt": "🎯 Дилер ➔ В СЕБЯ (наклон ствола вверх)"}]
------------------------------------------------------------
[2026-08-13 15:28:08.667] [CALIBRATION_STEP_SAVED]
  step_key: s0_dealer
  target_name: Дилер
  default_target: dealer
  angle: 290.8
  pitch: -13.5
  remaining_queue_len: 3
  compass_calibration_database: {"s0_dealer": {"angle": 290.8, "target_id": "dealer", "pitch": -13.5}}
------------------------------------------------------------
[2026-08-13 15:28:10.447] [CALIBRATION_STEP_SAVED]
  step_key: s0_self
  target_name: В СЕБЯ (наклон вверх)
  default_target: self
  angle: 290.8
  pitch: -13.5
  remaining_queue_len: 2
  compass_calibration_database: {"s0_dealer": {"angle": 290.8, "target_id": "dealer", "pitch": -13.5}, "s0_self": {"angle": 290.8, "target_id": "self", "pitch": -13.5}}
------------------------------------------------------------
[2026-08-13 15:28:14.294] [CALIBRATION_STARTED]
  game_mode: story_one_round
  participants: [["player_1", "Игрок 1"], ["dealer", "Дилер"]]
  queue_length: 4
  queue: [{"key": "s0_dealer", "shooter_idx": 0, "shooter_name": "Игрок 1", "target_id": "dealer", "target_name": "Дилер", "prompt": "🎯 Игрок 1 ➔ Наведите на Дилер"}, {"key": "s0_self", "shooter_idx": 0, "shooter_name": "Игрок 1", "target_id": "self", "target_name": "В СЕБЯ (наклон вверх)", "prompt": "🎯 Игрок 1 ➔ В СЕБЯ (наклон ствола вверх)"}, {"key": "s1_player_1", "shooter_idx": 1, "shooter_name": "Дилер", "target_id": "player_1", "target_name": "Игрок 1", "prompt": "🎯 Дилер ➔ Наведите на Игрок 1"}, {"key": "s1_self", "shooter_idx": 1, "shooter_name": "Дилер", "target_id": "self", "target_name": "В СЕБЯ (наклон вверх)", "prompt": "🎯 Дилер ➔ В СЕБЯ (наклон ствола вверх)"}]
------------------------------------------------------------
[2026-08-13 15:28:17.245] [CALIBRATION_STEP_SAVED]
  step_key: s0_dealer
  target_name: Дилер
  default_target: dealer
  angle: 273.9
  pitch: -8.6
  remaining_queue_len: 3
  compass_calibration_database: {"s0_dealer": {"angle": 273.9, "target_id": "dealer", "pitch": -8.6}}
------------------------------------------------------------
[2026-08-13 15:28:27.603] [CALIBRATION_STEP_SAVED]
  step_key: s0_self
  target_name: В СЕБЯ (наклон вверх)
  default_target: self
  angle: 144.7
  pitch: 40.3
  remaining_queue_len: 2
  compass_calibration_database: {"s0_dealer": {"angle": 273.9, "target_id": "dealer", "pitch": -8.6}, "s0_self": {"angle": 144.7, "target_id": "self", "pitch": 40.3}}
------------------------------------------------------------
[2026-08-13 15:28:33.092] [CALIBRATION_STEP_SAVED]
  step_key: s1_player_1
  target_name: Игрок 1
  default_target: player_1
  angle: 150.5
  pitch: -13.8
  remaining_queue_len: 1
  compass_calibration_database: {"s0_dealer": {"angle": 273.9, "target_id": "dealer", "pitch": -8.6}, "s0_self": {"angle": 144.7, "target_id": "self", "pitch": 40.3}, "s1_player_1": {"angle": 150.5, "target_id": "player_1", "pitch": -13.8}}
------------------------------------------------------------
[2026-08-13 15:28:47.429] [CALIBRATION_STEP_SAVED]
  step_key: s1_self
  target_name: В СЕБЯ (наклон вверх)
  default_target: self
  angle: 309.2
  pitch: 24.8
  remaining_queue_len: 0
  compass_calibration_database: {"s0_dealer": {"angle": 273.9, "target_id": "dealer", "pitch": -8.6}, "s0_self": {"angle": 144.7, "target_id": "self", "pitch": 40.3}, "s1_player_1": {"angle": 150.5, "target_id": "player_1", "pitch": -13.8}, "s1_self": {"angle": 309.2, "target_id": "self", "pitch": 24.8}}
------------------------------------------------------------
[2026-08-13 15:28:58.340] [SHOT_PROCESSED]
  incoming_angle: 315.7
  incoming_pitch: -16.7
  game_mode: story_one_round
  game_phase: player_turn
  current_shooter: {"id": "828928f1", "name": "123", "number": 1}
  shooter_s_idx: 0
  all_participants: [{"id": "828928f1", "name": "123"}, {"id": "aaf6e163", "name": "DEALER"}]
  compass_calibration_state: {"s0_dealer": {"angle": 273.9, "target_id": "dealer", "pitch": -8.6}, "s0_self": {"angle": 144.7, "target_id": "self", "pitch": 40.3}, "s1_player_1": {"angle": 150.5, "target_id": "player_1", "pitch": -13.8}, "s1_self": {"angle": 309.2, "target_id": "self", "pitch": 24.8}}
  self_check: {"self_pitch_threshold": 28.209999999999997, "is_self_shot": false}
  spatial_check: {"best_idx": "s0_dealer", "assigned_target": "dealer"}
  final_target: {"actual_target_id": "aaf6e163", "target_name": "DEALER", "is_self_shot": false}
------------------------------------------------------------
[2026-08-13 15:29:03.534] [SHOT_PROCESSED]
  incoming_angle: 309.7
  incoming_pitch: 23.3
  game_mode: story_one_round
  game_phase: player_turn
  current_shooter: {"id": "aaf6e163", "name": "DEALER", "number": 2}
  shooter_s_idx: 1
  all_participants: [{"id": "828928f1", "name": "123"}, {"id": "aaf6e163", "name": "DEALER"}]
  compass_calibration_state: {"s0_dealer": {"angle": 273.9, "target_id": "dealer", "pitch": -8.6}, "s0_self": {"angle": 144.7, "target_id": "self", "pitch": 40.3}, "s1_player_1": {"angle": 150.5, "target_id": "player_1", "pitch": -13.8}, "s1_self": {"angle": 309.2, "target_id": "self", "pitch": 24.8}}
  self_check: {"self_pitch_threshold": 22.0, "is_self_shot": true}
  spatial_check: {"best_idx": 0, "assigned_target": "self"}
  final_target: {"actual_target_id": "aaf6e163", "target_name": "DEALER (В СЕБЯ 🎯)", "is_self_shot": true}
------------------------------------------------------------
[2026-08-13 15:29:10.654] [SHOT_PROCESSED]
  incoming_angle: 180.9
  incoming_pitch: -7.3
  game_mode: story_one_round
  game_phase: player_turn
  current_shooter: {"id": "aaf6e163", "name": "DEALER", "number": 2}
  shooter_s_idx: 1
  all_participants: [{"id": "828928f1", "name": "123"}, {"id": "aaf6e163", "name": "DEALER"}]
  compass_calibration_state: {"s0_dealer": {"angle": 273.9, "target_id": "dealer", "pitch": -8.6}, "s0_self": {"angle": 144.7, "target_id": "self", "pitch": 40.3}, "s1_player_1": {"angle": 150.5, "target_id": "player_1", "pitch": -13.8}, "s1_self": {"angle": 309.2, "target_id": "self", "pitch": 24.8}}
  self_check: {"self_pitch_threshold": 22.0, "is_self_shot": false}
  spatial_check: {"best_idx": "s1_player_1", "assigned_target": "player_1"}
  final_target: {"actual_target_id": "828928f1", "target_name": "123", "is_self_shot": false}
------------------------------------------------------------
[2026-08-13 15:29:13.137] [SHOT_PROCESSED]
  incoming_angle: 309.7
  incoming_pitch: -13.0
  game_mode: story_one_round
  game_phase: player_turn
  current_shooter: {"id": "828928f1", "name": "123", "number": 1}
  shooter_s_idx: 0
  all_participants: [{"id": "828928f1", "name": "123"}, {"id": "aaf6e163", "name": "DEALER"}]
  compass_calibration_state: {"s0_dealer": {"angle": 273.9, "target_id": "dealer", "pitch": -8.6}, "s0_self": {"angle": 144.7, "target_id": "self", "pitch": 40.3}, "s1_player_1": {"angle": 150.5, "target_id": "player_1", "pitch": -13.8}, "s1_self": {"angle": 309.2, "target_id": "self", "pitch": 24.8}}
  self_check: {"self_pitch_threshold": 28.209999999999997, "is_self_shot": false}
  spatial_check: {"best_idx": "s0_dealer", "assigned_target": "dealer"}
  final_target: {"actual_target_id": "aaf6e163", "target_name": "DEALER", "is_self_shot": false}
------------------------------------------------------------
[2026-08-13 15:40:24.723] [CALIBRATION_STARTED]
  game_mode: story_one_round
  participants: [["player_1", "Игрок 1"], ["dealer", "Дилер"]]
  queue_length: 4
  queue: [{"key": "s0_dealer", "shooter_idx": 0, "shooter_name": "Игрок 1", "target_id": "dealer", "target_name": "Дилер", "prompt": "🎯 Игрок 1 ➔ Наведите на Дилер"}, {"key": "s0_self", "shooter_idx": 0, "shooter_name": "Игрок 1", "target_id": "self", "target_name": "В СЕБЯ (наклон вверх)", "prompt": "🎯 Игрок 1 ➔ В СЕБЯ (наклон ствола вверх)"}, {"key": "s1_player_1", "shooter_idx": 1, "shooter_name": "Дилер", "target_id": "player_1", "target_name": "Игрок 1", "prompt": "🎯 Дилер ➔ Наведите на Игрок 1"}, {"key": "s1_self", "shooter_idx": 1, "shooter_name": "Дилер", "target_id": "self", "target_name": "В СЕБЯ (наклон вверх)", "prompt": "🎯 Дилер ➔ В СЕБЯ (наклон ствола вверх)"}]
------------------------------------------------------------
[2026-08-13 16:14:44.431] [CALIBRATION_STARTED]
  game_mode: story_one_round
  participants: [["player_1", "Игрок 1"], ["dealer", "Дилер"]]
  queue_length: 4
  queue: [{"key": "s0_dealer", "shooter_idx": 0, "shooter_name": "Игрок 1", "target_id": "dealer", "target_name": "Дилер", "prompt": "🎯 Игрок 1 ➔ Наведите на Дилер"}, {"key": "s0_self", "shooter_idx": 0, "shooter_name": "Игрок 1", "target_id": "self", "target_name": "В СЕБЯ (наклон вверх)", "prompt": "🎯 Игрок 1 ➔ В СЕБЯ (наклон ствола вверх)"}, {"key": "s1_player_1", "shooter_idx": 1, "shooter_name": "Дилер", "target_id": "player_1", "target_name": "Игрок 1", "prompt": "🎯 Дилер ➔ Наведите на Игрок 1"}, {"key": "s1_self", "shooter_idx": 1, "shooter_name": "Дилер", "target_id": "self", "target_name": "В СЕБЯ (наклон вверх)", "prompt": "🎯 Дилер ➔ В СЕБЯ (наклон ствола вверх)"}]
------------------------------------------------------------
[2026-08-13 16:14:48.193] [CALIBRATION_STEP_SAVED]
  step_key: s0_dealer
  target_name: Дилер
  default_target: dealer
  angle: 64.9
  pitch: -12.0
  remaining_queue_len: 3
  compass_calibration_database: {"s0_dealer": {"angle": 64.9, "target_id": "dealer", "pitch": -12.0}}
------------------------------------------------------------
[2026-08-13 16:14:51.526] [CALIBRATION_STEP_SAVED]
  step_key: s0_self
  target_name: В СЕБЯ (наклон вверх)
  default_target: self
  angle: 280.5
  pitch: 42.4
  remaining_queue_len: 2
  compass_calibration_database: {"s0_dealer": {"angle": 64.9, "target_id": "dealer", "pitch": -12.0}, "s0_self": {"angle": 280.5, "target_id": "self", "pitch": 42.4}}
------------------------------------------------------------
[2026-08-13 16:14:54.072] [CALIBRATION_STEP_SAVED]
  step_key: s1_player_1
  target_name: Игрок 1
  default_target: player_1
  angle: 299.6
  pitch: -7.6
  remaining_queue_len: 1
  compass_calibration_database: {"s0_dealer": {"angle": 64.9, "target_id": "dealer", "pitch": -12.0}, "s0_self": {"angle": 280.5, "target_id": "self", "pitch": 42.4}, "s1_player_1": {"angle": 299.6, "target_id": "player_1", "pitch": -7.6}}
------------------------------------------------------------
[2026-08-13 16:15:01.728] [CALIBRATION_STARTED]
  game_mode: story_one_round
  participants: [["player_1", "Игрок 1"], ["dealer", "Дилер"]]
  queue_length: 4
  queue: [{"key": "s0_dealer", "shooter_idx": 0, "shooter_name": "Игрок 1", "target_id": "dealer", "target_name": "Дилер", "prompt": "🎯 Игрок 1 ➔ Наведите на Дилер"}, {"key": "s0_self", "shooter_idx": 0, "shooter_name": "Игрок 1", "target_id": "self", "target_name": "В СЕБЯ (наклон вверх)", "prompt": "🎯 Игрок 1 ➔ В СЕБЯ (наклон ствола вверх)"}, {"key": "s1_player_1", "shooter_idx": 1, "shooter_name": "Дилер", "target_id": "player_1", "target_name": "Игрок 1", "prompt": "🎯 Дилер ➔ Наведите на Игрок 1"}, {"key": "s1_self", "shooter_idx": 1, "shooter_name": "Дилер", "target_id": "self", "target_name": "В СЕБЯ (наклон вверх)", "prompt": "🎯 Дилер ➔ В СЕБЯ (наклон ствола вверх)"}]
------------------------------------------------------------
[2026-08-13 16:15:06.725] [CALIBRATION_STEP_SAVED]
  step_key: s0_dealer
  target_name: Дилер
  default_target: dealer
  angle: 100.3
  pitch: -11.9
  remaining_queue_len: 3
  compass_calibration_database: {"s0_dealer": {"angle": 100.3, "target_id": "dealer", "pitch": -11.9}}
------------------------------------------------------------
[2026-08-13 16:15:14.301] [CALIBRATION_STEP_SAVED]
  step_key: s0_self
  target_name: В СЕБЯ (наклон вверх)
  default_target: self
  angle: 325.1
  pitch: 39.4
  remaining_queue_len: 2
  compass_calibration_database: {"s0_dealer": {"angle": 100.3, "target_id": "dealer", "pitch": -11.9}, "s0_self": {"angle": 325.1, "target_id": "self", "pitch": 39.4}}
------------------------------------------------------------
[2026-08-13 16:15:20.616] [CALIBRATION_STEP_SAVED]
  step_key: s1_player_1
  target_name: Игрок 1
  default_target: player_1
  angle: 330.5
  pitch: -17.1
  remaining_queue_len: 1
  compass_calibration_database: {"s0_dealer": {"angle": 100.3, "target_id": "dealer", "pitch": -11.9}, "s0_self": {"angle": 325.1, "target_id": "self", "pitch": 39.4}, "s1_player_1": {"angle": 330.5, "target_id": "player_1", "pitch": -17.1}}
------------------------------------------------------------
[2026-08-13 16:15:24.588] [CALIBRATION_STEP_SAVED]
  step_key: s1_self
  target_name: В СЕБЯ (наклон вверх)
  default_target: self
  angle: 134.3
  pitch: 29.2
  remaining_queue_len: 0
  compass_calibration_database: {"s0_dealer": {"angle": 100.3, "target_id": "dealer", "pitch": -11.9}, "s0_self": {"angle": 325.1, "target_id": "self", "pitch": 39.4}, "s1_player_1": {"angle": 330.5, "target_id": "player_1", "pitch": -17.1}, "s1_self": {"angle": 134.3, "target_id": "self", "pitch": 29.2}}
------------------------------------------------------------
[2026-08-13 16:15:38.885] [SHOT_PROCESSED]
  incoming_angle: 115.9
  incoming_pitch: 74.2
  game_mode: story_one_round
  game_phase: player_turn
  current_shooter: {"id": "e83a4325", "name": "123", "number": 1}
  shooter_s_idx: 0
  all_participants: [{"id": "e83a4325", "name": "123"}, {"id": "92ecd81e", "name": "DEALER"}]
  compass_calibration_state: {"s0_dealer": {"angle": 100.3, "target_id": "dealer", "pitch": -11.9}, "s0_self": {"angle": 325.1, "target_id": "self", "pitch": 39.4}, "s1_player_1": {"angle": 330.5, "target_id": "player_1", "pitch": -17.1}, "s1_self": {"angle": 134.3, "target_id": "self", "pitch": 29.2}}
  self_check: {"self_pitch_threshold": 27.58, "is_self_shot": true}
  spatial_check: {"best_idx": 0, "assigned_target": "self"}
  final_target: {"actual_target_id": "e83a4325", "target_name": "123 (В СЕБЯ 🎯)", "is_self_shot": true}
------------------------------------------------------------
[2026-08-13 16:15:42.163] [SHOT_PROCESSED]
  incoming_angle: 165.8
  incoming_pitch: -11.3
  game_mode: story_one_round
  game_phase: player_turn
  current_shooter: {"id": "e83a4325", "name": "123", "number": 1}
  shooter_s_idx: 0
  all_participants: [{"id": "e83a4325", "name": "123"}, {"id": "92ecd81e", "name": "DEALER"}]
  compass_calibration_state: {"s0_dealer": {"angle": 100.3, "target_id": "dealer", "pitch": -11.9}, "s0_self": {"angle": 325.1, "target_id": "self", "pitch": 39.4}, "s1_player_1": {"angle": 330.5, "target_id": "player_1", "pitch": -17.1}, "s1_self": {"angle": 134.3, "target_id": "self", "pitch": 29.2}}
  self_check: {"self_pitch_threshold": 27.58, "is_self_shot": false}
  spatial_check: {"best_idx": "s0_dealer", "assigned_target": "dealer"}
  final_target: {"actual_target_id": "92ecd81e", "target_name": "DEALER", "is_self_shot": false}
------------------------------------------------------------
[2026-08-13 16:15:46.882] [SHOT_PROCESSED]
  incoming_angle: 167.3
  incoming_pitch: 16.6
  game_mode: story_one_round
  game_phase: player_turn
  current_shooter: {"id": "92ecd81e", "name": "DEALER", "number": 2}
  shooter_s_idx: 1
  all_participants: [{"id": "e83a4325", "name": "123"}, {"id": "92ecd81e", "name": "DEALER"}]
  compass_calibration_state: {"s0_dealer": {"angle": 100.3, "target_id": "dealer", "pitch": -11.9}, "s0_self": {"angle": 325.1, "target_id": "self", "pitch": 39.4}, "s1_player_1": {"angle": 330.5, "target_id": "player_1", "pitch": -17.1}, "s1_self": {"angle": 134.3, "target_id": "self", "pitch": 29.2}}
  self_check: {"self_pitch_threshold": 22.0, "is_self_shot": true}
  spatial_check: {"best_idx": "s1_self", "assigned_target": "self"}
  final_target: {"actual_target_id": "92ecd81e", "target_name": "DEALER (В СЕБЯ 🎯)", "is_self_shot": true}
------------------------------------------------------------
[2026-08-13 16:15:57.200] [SHOT_PROCESSED]
  incoming_angle: 12.7
  incoming_pitch: 43.6
  game_mode: story_one_round
  game_phase: player_turn
  current_shooter: {"id": "e83a4325", "name": "123", "number": 1}
  shooter_s_idx: 0
  all_participants: [{"id": "e83a4325", "name": "123"}, {"id": "92ecd81e", "name": "DEALER"}]
  compass_calibration_state: {"s0_dealer": {"angle": 100.3, "target_id": "dealer", "pitch": -11.9}, "s0_self": {"angle": 325.1, "target_id": "self", "pitch": 39.4}, "s1_player_1": {"angle": 330.5, "target_id": "player_1", "pitch": -17.1}, "s1_self": {"angle": 134.3, "target_id": "self", "pitch": 29.2}}
  self_check: {"self_pitch_threshold": 27.58, "is_self_shot": true}
  spatial_check: {"best_idx": 0, "assigned_target": "self"}
  final_target: {"actual_target_id": "e83a4325", "target_name": "123 (В СЕБЯ 🎯)", "is_self_shot": true}
------------------------------------------------------------
[2026-08-13 16:16:02.956] [SHOT_PROCESSED]
  incoming_angle: 177.9
  incoming_pitch: -12.2
  game_mode: story_one_round
  game_phase: player_turn
  current_shooter: {"id": "92ecd81e", "name": "DEALER", "number": 2}
  shooter_s_idx: 1
  all_participants: [{"id": "e83a4325", "name": "123"}, {"id": "92ecd81e", "name": "DEALER"}]
  compass_calibration_state: {"s0_dealer": {"angle": 100.3, "target_id": "dealer", "pitch": -11.9}, "s0_self": {"angle": 325.1, "target_id": "self", "pitch": 39.4}, "s1_player_1": {"angle": 330.5, "target_id": "player_1", "pitch": -17.1}, "s1_self": {"angle": 134.3, "target_id": "self", "pitch": 29.2}}
  self_check: {"self_pitch_threshold": 22.0, "is_self_shot": true}
  spatial_check: {"best_idx": "s1_self", "assigned_target": "self"}
  final_target: {"actual_target_id": "92ecd81e", "target_name": "DEALER (В СЕБЯ 🎯)", "is_self_shot": true}
------------------------------------------------------------
[2026-08-13 16:16:06.366] [SHOT_PROCESSED]
  incoming_angle: 25.2
  incoming_pitch: 44.1
  game_mode: story_one_round
  game_phase: player_turn
  current_shooter: {"id": "e83a4325", "name": "123", "number": 1}
  shooter_s_idx: 0
  all_participants: [{"id": "e83a4325", "name": "123"}, {"id": "92ecd81e", "name": "DEALER"}]
  compass_calibration_state: {"s0_dealer": {"angle": 100.3, "target_id": "dealer", "pitch": -11.9}, "s0_self": {"angle": 325.1, "target_id": "self", "pitch": 39.4}, "s1_player_1": {"angle": 330.5, "target_id": "player_1", "pitch": -17.1}, "s1_self": {"angle": 134.3, "target_id": "self", "pitch": 29.2}}
  self_check: {"self_pitch_threshold": 27.58, "is_self_shot": true}
  spatial_check: {"best_idx": 0, "assigned_target": "self"}
  final_target: {"actual_target_id": "e83a4325", "target_name": "123 (В СЕБЯ 🎯)", "is_self_shot": true}
------------------------------------------------------------
[2026-08-13 16:16:08.987] [SHOT_PROCESSED]
  incoming_angle: 200.9
  incoming_pitch: -14.1
  game_mode: story_one_round
  game_phase: player_turn
  current_shooter: {"id": "e83a4325", "name": "123", "number": 1}
  shooter_s_idx: 0
  all_participants: [{"id": "e83a4325", "name": "123"}, {"id": "92ecd81e", "name": "DEALER"}]
  compass_calibration_state: {"s0_dealer": {"angle": 100.3, "target_id": "dealer", "pitch": -11.9}, "s0_self": {"angle": 325.1, "target_id": "self", "pitch": 39.4}, "s1_player_1": {"angle": 330.5, "target_id": "player_1", "pitch": -17.1}, "s1_self": {"angle": 134.3, "target_id": "self", "pitch": 29.2}}
  self_check: {"self_pitch_threshold": 27.58, "is_self_shot": false}
  spatial_check: {"best_idx": "s0_dealer", "assigned_target": "dealer"}
  final_target: {"actual_target_id": "92ecd81e", "target_name": "DEALER", "is_self_shot": false}
------------------------------------------------------------
[2026-08-13 16:16:15.017] [SHOT_PROCESSED]
  incoming_angle: 204.9
  incoming_pitch: -14.9
  game_mode: story_one_round
  game_phase: player_turn
  current_shooter: {"id": "92ecd81e", "name": "DEALER", "number": 2}
  shooter_s_idx: 1
  all_participants: [{"id": "e83a4325", "name": "123"}, {"id": "92ecd81e", "name": "DEALER"}]
  compass_calibration_state: {"s0_dealer": {"angle": 100.3, "target_id": "dealer", "pitch": -11.9}, "s0_self": {"angle": 325.1, "target_id": "self", "pitch": 39.4}, "s1_player_1": {"angle": 330.5, "target_id": "player_1", "pitch": -17.1}, "s1_self": {"angle": 134.3, "target_id": "self", "pitch": 29.2}}
  self_check: {"self_pitch_threshold": 22.0, "is_self_shot": true}
  spatial_check: {"best_idx": "s1_self", "assigned_target": "self"}
  final_target: {"actual_target_id": "92ecd81e", "target_name": "DEALER (В СЕБЯ 🎯)", "is_self_shot": true}
------------------------------------------------------------
[2026-08-13 16:16:18.542] [SHOT_PROCESSED]
  incoming_angle: 48.8
  incoming_pitch: -1.5
  game_mode: story_one_round
  game_phase: player_turn
  current_shooter: {"id": "92ecd81e", "name": "DEALER", "number": 2}
  shooter_s_idx: 1
  all_participants: [{"id": "e83a4325", "name": "123"}, {"id": "92ecd81e", "name": "DEALER"}]
  compass_calibration_state: {"s0_dealer": {"angle": 100.3, "target_id": "dealer", "pitch": -11.9}, "s0_self": {"angle": 325.1, "target_id": "self", "pitch": 39.4}, "s1_player_1": {"angle": 330.5, "target_id": "player_1", "pitch": -17.1}, "s1_self": {"angle": 134.3, "target_id": "self", "pitch": 29.2}}
  self_check: {"self_pitch_threshold": 22.0, "is_self_shot": false}
  spatial_check: {"best_idx": "s1_player_1", "assigned_target": "player_1"}
  final_target: {"actual_target_id": "e83a4325", "target_name": "123", "is_self_shot": false}
------------------------------------------------------------
[2026-08-13 16:16:28.420] [SHOT_PROCESSED]
  incoming_angle: 86.5
  incoming_pitch: -7.9
  game_mode: story_one_round
  game_phase: player_turn
  current_shooter: {"id": "e83a4325", "name": "123", "number": 1}
  shooter_s_idx: 0
  all_participants: [{"id": "e83a4325", "name": "123"}, {"id": "92ecd81e", "name": "DEALER"}]
  compass_calibration_state: {"s0_dealer": {"angle": 100.3, "target_id": "dealer", "pitch": -11.9}, "s0_self": {"angle": 325.1, "target_id": "self", "pitch": 39.4}, "s1_player_1": {"angle": 330.5, "target_id": "player_1", "pitch": -17.1}, "s1_self": {"angle": 134.3, "target_id": "self", "pitch": 29.2}}
  self_check: {"self_pitch_threshold": 27.58, "is_self_shot": false}
  spatial_check: {"best_idx": "s0_dealer", "assigned_target": "dealer"}
  final_target: {"actual_target_id": "92ecd81e", "target_name": "DEALER", "is_self_shot": false}
------------------------------------------------------------
[2026-08-13 16:16:37.140] [SHOT_PROCESSED]
  incoming_angle: 82.0
  incoming_pitch: -6.3
  game_mode: story_one_round
  game_phase: player_turn
  current_shooter: {"id": "e83a4325", "name": "123", "number": 1}
  shooter_s_idx: 0
  all_participants: [{"id": "e83a4325", "name": "123"}, {"id": "92ecd81e", "name": "DEALER"}]
  compass_calibration_state: {"s0_dealer": {"angle": 100.3, "target_id": "dealer", "pitch": -11.9}, "s0_self": {"angle": 325.1, "target_id": "self", "pitch": 39.4}, "s1_player_1": {"angle": 330.5, "target_id": "player_1", "pitch": -17.1}, "s1_self": {"angle": 134.3, "target_id": "self", "pitch": 29.2}}
  self_check: {"self_pitch_threshold": 27.58, "is_self_shot": false}
  spatial_check: {"best_idx": "s0_dealer", "assigned_target": "dealer"}
  final_target: {"actual_target_id": "92ecd81e", "target_name": "DEALER", "is_self_shot": false}
------------------------------------------------------------
[2026-08-13 16:16:43.645] [SHOT_PROCESSED]
  incoming_angle: 81.3
  incoming_pitch: 37.9
  game_mode: story_one_round
  game_phase: player_turn
  current_shooter: {"id": "e83a4325", "name": "123", "number": 1}
  shooter_s_idx: 0
  all_participants: [{"id": "e83a4325", "name": "123"}, {"id": "92ecd81e", "name": "DEALER"}]
  compass_calibration_state: {"s0_dealer": {"angle": 100.3, "target_id": "dealer", "pitch": -11.9}, "s0_self": {"angle": 325.1, "target_id": "self", "pitch": 39.4}, "s1_player_1": {"angle": 330.5, "target_id": "player_1", "pitch": -17.1}, "s1_self": {"angle": 134.3, "target_id": "self", "pitch": 29.2}}
  self_check: {"self_pitch_threshold": 27.58, "is_self_shot": true}
  spatial_check: {"best_idx": 0, "assigned_target": "self"}
  final_target: {"actual_target_id": "e83a4325", "target_name": "123 (В СЕБЯ 🎯)", "is_self_shot": true}
------------------------------------------------------------
[2026-08-13 16:16:52.653] [SHOT_PROCESSED]
  incoming_angle: 54.8
  incoming_pitch: 40.6
  game_mode: story_one_round
  game_phase: player_turn
  current_shooter: {"id": "e83a4325", "name": "123", "number": 1}
  shooter_s_idx: 0
  all_participants: [{"id": "e83a4325", "name": "123"}, {"id": "92ecd81e", "name": "DEALER"}]
  compass_calibration_state: {"s0_dealer": {"angle": 100.3, "target_id": "dealer", "pitch": -11.9}, "s0_self": {"angle": 325.1, "target_id": "self", "pitch": 39.4}, "s1_player_1": {"angle": 330.5, "target_id": "player_1", "pitch": -17.1}, "s1_self": {"angle": 134.3, "target_id": "self", "pitch": 29.2}}
  self_check: {"self_pitch_threshold": 27.58, "is_self_shot": true}
  spatial_check: {"best_idx": 0, "assigned_target": "self"}
  final_target: {"actual_target_id": "e83a4325", "target_name": "123 (В СЕБЯ 🎯)", "is_self_shot": true}
------------------------------------------------------------
[2026-08-13 16:17:00.553] [SHOT_PROCESSED]
  incoming_angle: 77.4
  incoming_pitch: -4.3
  game_mode: story_one_round
  game_phase: player_turn
  current_shooter: {"id": "e83a4325", "name": "123", "number": 1}
  shooter_s_idx: 0
  all_participants: [{"id": "e83a4325", "name": "123"}, {"id": "92ecd81e", "name": "DEALER"}]
  compass_calibration_state: {"s0_dealer": {"angle": 100.3, "target_id": "dealer", "pitch": -11.9}, "s0_self": {"angle": 325.1, "target_id": "self", "pitch": 39.4}, "s1_player_1": {"angle": 330.5, "target_id": "player_1", "pitch": -17.1}, "s1_self": {"angle": 134.3, "target_id": "self", "pitch": 29.2}}
  self_check: {"self_pitch_threshold": 27.58, "is_self_shot": false}
  spatial_check: {"best_idx": "s0_dealer", "assigned_target": "dealer"}
  final_target: {"actual_target_id": "92ecd81e", "target_name": "DEALER", "is_self_shot": false}
------------------------------------------------------------
[2026-08-13 16:20:35.906] [CALIBRATION_STARTED]
  game_mode: story_one_round
  participants: [["player_1", "Игрок 1"], ["dealer", "Дилер"]]
  queue_length: 4
  queue: [{"key": "s0_dealer", "shooter_idx": 0, "shooter_name": "Игрок 1", "target_id": "dealer", "target_name": "Дилер", "prompt": "🎯 Игрок 1 ➔ Наведите на Дилер"}, {"key": "s0_self", "shooter_idx": 0, "shooter_name": "Игрок 1", "target_id": "self", "target_name": "В СЕБЯ", "prompt": "🎯 Игрок 1 ➔ В СЕБЯ (наведите на себя — горизонтально или вверх)"}, {"key": "s1_player_1", "shooter_idx": 1, "shooter_name": "Дилер", "target_id": "player_1", "target_name": "Игрок 1", "prompt": "🎯 Дилер ➔ Наведите на Игрок 1"}, {"key": "s1_self", "shooter_idx": 1, "shooter_name": "Дилер", "target_id": "self", "target_name": "В СЕБЯ", "prompt": "🎯 Дилер ➔ В СЕБЯ (наведите на себя — горизонтально или вверх)"}]
------------------------------------------------------------
[2026-08-13 16:20:49.288] [CALIBRATION_STEP_SAVED]
  step_key: s0_dealer
  target_name: Дилер
  default_target: dealer
  angle: 127.4
  pitch: -12.6
  remaining_queue_len: 3
  compass_calibration_database: {"s0_dealer": {"angle": 127.4, "target_id": "dealer", "pitch": -12.6}}
------------------------------------------------------------
[2026-08-13 16:20:51.488] [CALIBRATION_STARTED]
  game_mode: story_one_round
  participants: [["player_1", "Игрок 1"], ["dealer", "Дилер"]]
  queue_length: 4
  queue: [{"key": "s0_dealer", "shooter_idx": 0, "shooter_name": "Игрок 1", "target_id": "dealer", "target_name": "Дилер", "prompt": "🎯 Игрок 1 ➔ Наведите на Дилер"}, {"key": "s0_self", "shooter_idx": 0, "shooter_name": "Игрок 1", "target_id": "self", "target_name": "В СЕБЯ", "prompt": "🎯 Игрок 1 ➔ В СЕБЯ (наведите на себя — горизонтально или вверх)"}, {"key": "s1_player_1", "shooter_idx": 1, "shooter_name": "Дилер", "target_id": "player_1", "target_name": "Игрок 1", "prompt": "🎯 Дилер ➔ Наведите на Игрок 1"}, {"key": "s1_self", "shooter_idx": 1, "shooter_name": "Дилер", "target_id": "self", "target_name": "В СЕБЯ", "prompt": "🎯 Дилер ➔ В СЕБЯ (наведите на себя — горизонтально или вверх)"}]
------------------------------------------------------------
[2026-08-13 16:20:53.241] [CALIBRATION_STEP_SAVED]
  step_key: s0_dealer
  target_name: Дилер
  default_target: dealer
  angle: 125.2
  pitch: -11.1
  remaining_queue_len: 3
  compass_calibration_database: {"s0_dealer": {"angle": 125.2, "target_id": "dealer", "pitch": -11.1}}
------------------------------------------------------------
[2026-08-13 16:20:58.369] [CALIBRATION_STEP_SAVED]
  step_key: s0_self
  target_name: В СЕБЯ
  default_target: self
  angle: 337.6
  pitch: 43.1
  remaining_queue_len: 2
  compass_calibration_database: {"s0_dealer": {"angle": 125.2, "target_id": "dealer", "pitch": -11.1}, "s0_self": {"angle": 337.6, "target_id": "self", "pitch": 43.1}}
------------------------------------------------------------
[2026-08-13 16:21:03.413] [CALIBRATION_STEP_SAVED]
  step_key: s1_player_1
  target_name: Игрок 1
  default_target: player_1
  angle: 342.4
  pitch: -5.6
  remaining_queue_len: 1
  compass_calibration_database: {"s0_dealer": {"angle": 125.2, "target_id": "dealer", "pitch": -11.1}, "s0_self": {"angle": 337.6, "target_id": "self", "pitch": 43.1}, "s1_player_1": {"angle": 342.4, "target_id": "player_1", "pitch": -5.6}}
------------------------------------------------------------
[2026-08-13 16:21:06.958] [CALIBRATION_STEP_SAVED]
  step_key: s1_self
  target_name: В СЕБЯ
  default_target: self
  angle: 146.7
  pitch: 27.1
  remaining_queue_len: 0
  compass_calibration_database: {"s0_dealer": {"angle": 125.2, "target_id": "dealer", "pitch": -11.1}, "s0_self": {"angle": 337.6, "target_id": "self", "pitch": 43.1}, "s1_player_1": {"angle": 342.4, "target_id": "player_1", "pitch": -5.6}, "s1_self": {"angle": 146.7, "target_id": "self", "pitch": 27.1}}
------------------------------------------------------------
[2026-08-13 16:21:15.351] [SHOT_PROCESSED]
  incoming_angle: 159.0
  incoming_pitch: -9.0
  game_mode: story_one_round
  game_phase: player_turn
  current_shooter: {"id": "a28f4838", "name": "123", "number": 1}
  shooter_s_idx: 0
  all_participants: [{"id": "a28f4838", "name": "123"}, {"id": "2b958dcf", "name": "DEALER"}]
  compass_calibration_state: {"s0_dealer": {"angle": 125.2, "target_id": "dealer", "pitch": -11.1}, "s0_self": {"angle": 337.6, "target_id": "self", "pitch": 43.1}, "s1_player_1": {"angle": 342.4, "target_id": "player_1", "pitch": -5.6}, "s1_self": {"angle": 146.7, "target_id": "self", "pitch": 27.1}}
  self_check: {"self_pitch_threshold": 20.0, "is_self_shot": false}
  spatial_check: {"best_idx": "s0_dealer", "assigned_target": "dealer"}
  final_target: {"actual_target_id": "2b958dcf", "target_name": "DEALER", "is_self_shot": false}
------------------------------------------------------------
[2026-08-13 16:21:18.378] [SHOT_PROCESSED]
  incoming_angle: 156.0
  incoming_pitch: 20.2
  game_mode: story_one_round
  game_phase: player_turn
  current_shooter: {"id": "2b958dcf", "name": "DEALER", "number": 2}
  shooter_s_idx: 1
  all_participants: [{"id": "a28f4838", "name": "123"}, {"id": "2b958dcf", "name": "DEALER"}]
  compass_calibration_state: {"s0_dealer": {"angle": 125.2, "target_id": "dealer", "pitch": -11.1}, "s0_self": {"angle": 337.6, "target_id": "self", "pitch": 43.1}, "s1_player_1": {"angle": 342.4, "target_id": "player_1", "pitch": -5.6}, "s1_self": {"angle": 146.7, "target_id": "self", "pitch": 27.1}}
  self_check: {"self_pitch_threshold": 16.26, "is_self_shot": true}
  spatial_check: {"best_idx": 0, "assigned_target": "self"}
  final_target: {"actual_target_id": "2b958dcf", "target_name": "DEALER (В СЕБЯ 🎯)", "is_self_shot": true}
------------------------------------------------------------
[2026-08-13 16:21:20.209] [SHOT_PROCESSED]
  incoming_angle: 155.3
  incoming_pitch: -14.4
  game_mode: story_one_round
  game_phase: player_turn
  current_shooter: {"id": "2b958dcf", "name": "DEALER", "number": 2}
  shooter_s_idx: 1
  all_participants: [{"id": "a28f4838", "name": "123"}, {"id": "2b958dcf", "name": "DEALER"}]
  compass_calibration_state: {"s0_dealer": {"angle": 125.2, "target_id": "dealer", "pitch": -11.1}, "s0_self": {"angle": 337.6, "target_id": "self", "pitch": 43.1}, "s1_player_1": {"angle": 342.4, "target_id": "player_1", "pitch": -5.6}, "s1_self": {"angle": 146.7, "target_id": "self", "pitch": 27.1}}
  self_check: {"self_pitch_threshold": 16.26, "is_self_shot": true}
  spatial_check: {"best_idx": "s1_self", "assigned_target": "self"}
  final_target: {"actual_target_id": "2b958dcf", "target_name": "DEALER (В СЕБЯ 🎯)", "is_self_shot": true}
------------------------------------------------------------
[2026-08-13 16:21:26.878] [SHOT_PROCESSED]
  incoming_angle: 335.0
  incoming_pitch: 36.7
  game_mode: story_one_round
  game_phase: player_turn
  current_shooter: {"id": "a28f4838", "name": "123", "number": 1}
  shooter_s_idx: 0
  all_participants: [{"id": "a28f4838", "name": "123"}, {"id": "2b958dcf", "name": "DEALER"}]
  compass_calibration_state: {"s0_dealer": {"angle": 125.2, "target_id": "dealer", "pitch": -11.1}, "s0_self": {"angle": 337.6, "target_id": "self", "pitch": 43.1}, "s1_player_1": {"angle": 342.4, "target_id": "player_1", "pitch": -5.6}, "s1_self": {"angle": 146.7, "target_id": "self", "pitch": 27.1}}
  self_check: {"self_pitch_threshold": 20.0, "is_self_shot": true}
  spatial_check: {"best_idx": 0, "assigned_target": "self"}
  final_target: {"actual_target_id": "a28f4838", "target_name": "123 (В СЕБЯ 🎯)", "is_self_shot": true}
------------------------------------------------------------
[2026-08-13 16:21:28.744] [SHOT_PROCESSED]
  incoming_angle: 134.5
  incoming_pitch: -15.6
  game_mode: story_one_round
  game_phase: player_turn
  current_shooter: {"id": "a28f4838", "name": "123", "number": 1}
  shooter_s_idx: 0
  all_participants: [{"id": "a28f4838", "name": "123"}, {"id": "2b958dcf", "name": "DEALER"}]
  compass_calibration_state: {"s0_dealer": {"angle": 125.2, "target_id": "dealer", "pitch": -11.1}, "s0_self": {"angle": 337.6, "target_id": "self", "pitch": 43.1}, "s1_player_1": {"angle": 342.4, "target_id": "player_1", "pitch": -5.6}, "s1_self": {"angle": 146.7, "target_id": "self", "pitch": 27.1}}
  self_check: {"self_pitch_threshold": 20.0, "is_self_shot": false}
  spatial_check: {"best_idx": "s0_dealer", "assigned_target": "dealer"}
  final_target: {"actual_target_id": "2b958dcf", "target_name": "DEALER", "is_self_shot": false}
------------------------------------------------------------
[2026-08-13 16:21:32.132] [SHOT_PROCESSED]
  incoming_angle: 338.3
  incoming_pitch: -9.2
  game_mode: story_one_round
  game_phase: player_turn
  current_shooter: {"id": "2b958dcf", "name": "DEALER", "number": 2}
  shooter_s_idx: 1
  all_participants: [{"id": "a28f4838", "name": "123"}, {"id": "2b958dcf", "name": "DEALER"}]
  compass_calibration_state: {"s0_dealer": {"angle": 125.2, "target_id": "dealer", "pitch": -11.1}, "s0_self": {"angle": 337.6, "target_id": "self", "pitch": 43.1}, "s1_player_1": {"angle": 342.4, "target_id": "player_1", "pitch": -5.6}, "s1_self": {"angle": 146.7, "target_id": "self", "pitch": 27.1}}
  self_check: {"self_pitch_threshold": 16.26, "is_self_shot": false}
  spatial_check: {"best_idx": "s1_player_1", "assigned_target": "player_1"}
  final_target: {"actual_target_id": "a28f4838", "target_name": "123", "is_self_shot": false}
------------------------------------------------------------
[2026-08-13 16:21:33.861] [SHOT_PROCESSED]
  incoming_angle: 135.7
  incoming_pitch: -13.6
  game_mode: story_one_round
  game_phase: player_turn
  current_shooter: {"id": "a28f4838", "name": "123", "number": 1}
  shooter_s_idx: 0
  all_participants: [{"id": "a28f4838", "name": "123"}, {"id": "2b958dcf", "name": "DEALER"}]
  compass_calibration_state: {"s0_dealer": {"angle": 125.2, "target_id": "dealer", "pitch": -11.1}, "s0_self": {"angle": 337.6, "target_id": "self", "pitch": 43.1}, "s1_player_1": {"angle": 342.4, "target_id": "player_1", "pitch": -5.6}, "s1_self": {"angle": 146.7, "target_id": "self", "pitch": 27.1}}
  self_check: {"self_pitch_threshold": 20.0, "is_self_shot": false}
  spatial_check: {"best_idx": "s0_dealer", "assigned_target": "dealer"}
  final_target: {"actual_target_id": "2b958dcf", "target_name": "DEALER", "is_self_shot": false}
------------------------------------------------------------
[2026-08-13 16:21:37.343] [SHOT_PROCESSED]
  incoming_angle: 325.9
  incoming_pitch: 33.3
  game_mode: story_one_round
  game_phase: player_turn
  current_shooter: {"id": "2b958dcf", "name": "DEALER", "number": 2}
  shooter_s_idx: 1
  all_participants: [{"id": "a28f4838", "name": "123"}, {"id": "2b958dcf", "name": "DEALER"}]
  compass_calibration_state: {"s0_dealer": {"angle": 125.2, "target_id": "dealer", "pitch": -11.1}, "s0_self": {"angle": 337.6, "target_id": "self", "pitch": 43.1}, "s1_player_1": {"angle": 342.4, "target_id": "player_1", "pitch": -5.6}, "s1_self": {"angle": 146.7, "target_id": "self", "pitch": 27.1}}
  self_check: {"self_pitch_threshold": 16.26, "is_self_shot": true}
  spatial_check: {"best_idx": 0, "assigned_target": "self"}
  final_target: {"actual_target_id": "2b958dcf", "target_name": "DEALER (В СЕБЯ 🎯)", "is_self_shot": true}
------------------------------------------------------------
[2026-08-13 16:21:50.308] [SHOT_PROCESSED]
  incoming_angle: 103.4
  incoming_pitch: -15.4
  game_mode: story_one_round
  game_phase: player_turn
  current_shooter: {"id": "2b958dcf", "name": "DEALER", "number": 2}
  shooter_s_idx: 1
  all_participants: [{"id": "a28f4838", "name": "123"}, {"id": "2b958dcf", "name": "DEALER"}]
  compass_calibration_state: {"s0_dealer": {"angle": 125.2, "target_id": "dealer", "pitch": -11.1}, "s0_self": {"angle": 337.6, "target_id": "self", "pitch": 43.1}, "s1_player_1": {"angle": 342.4, "target_id": "player_1", "pitch": -5.6}, "s1_self": {"angle": 146.7, "target_id": "self", "pitch": 27.1}}
  self_check: {"self_pitch_threshold": 16.26, "is_self_shot": true}
  spatial_check: {"best_idx": "s1_self", "assigned_target": "self"}
  final_target: {"actual_target_id": "2b958dcf", "target_name": "DEALER (В СЕБЯ 🎯)", "is_self_shot": true}
------------------------------------------------------------
[2026-08-13 16:21:56.637] [SHOT_PROCESSED]
  incoming_angle: 336.5
  incoming_pitch: -10.3
  game_mode: story_one_round
  game_phase: player_turn
  current_shooter: {"id": "2b958dcf", "name": "DEALER", "number": 2}
  shooter_s_idx: 1
  all_participants: [{"id": "a28f4838", "name": "123"}, {"id": "2b958dcf", "name": "DEALER"}]
  compass_calibration_state: {"s0_dealer": {"angle": 125.2, "target_id": "dealer", "pitch": -11.1}, "s0_self": {"angle": 337.6, "target_id": "self", "pitch": 43.1}, "s1_player_1": {"angle": 342.4, "target_id": "player_1", "pitch": -5.6}, "s1_self": {"angle": 146.7, "target_id": "self", "pitch": 27.1}}
  self_check: {"self_pitch_threshold": 16.26, "is_self_shot": false}
  spatial_check: {"best_idx": "s1_player_1", "assigned_target": "player_1"}
  final_target: {"actual_target_id": "a28f4838", "target_name": "123", "is_self_shot": false}
------------------------------------------------------------
[2026-08-13 16:22:00.754] [SHOT_PROCESSED]
  incoming_angle: 30.5
  incoming_pitch: 34.3
  game_mode: story_one_round
  game_phase: player_turn
  current_shooter: {"id": "a28f4838", "name": "123", "number": 1}
  shooter_s_idx: 0
  all_participants: [{"id": "a28f4838", "name": "123"}, {"id": "2b958dcf", "name": "DEALER"}]
  compass_calibration_state: {"s0_dealer": {"angle": 125.2, "target_id": "dealer", "pitch": -11.1}, "s0_self": {"angle": 337.6, "target_id": "self", "pitch": 43.1}, "s1_player_1": {"angle": 342.4, "target_id": "player_1", "pitch": -5.6}, "s1_self": {"angle": 146.7, "target_id": "self", "pitch": 27.1}}
  self_check: {"self_pitch_threshold": 20.0, "is_self_shot": true}
  spatial_check: {"best_idx": 0, "assigned_target": "self"}
  final_target: {"actual_target_id": "a28f4838", "target_name": "123 (В СЕБЯ 🎯)", "is_self_shot": true}
------------------------------------------------------------
[2026-08-13 16:22:09.789] [SHOT_PROCESSED]
  incoming_angle: 38.0
  incoming_pitch: 32.7
  game_mode: story_one_round
  game_phase: player_turn
  current_shooter: {"id": "a28f4838", "name": "123", "number": 1}
  shooter_s_idx: 0
  all_participants: [{"id": "a28f4838", "name": "123"}, {"id": "2b958dcf", "name": "DEALER"}]
  compass_calibration_state: {"s0_dealer": {"angle": 125.2, "target_id": "dealer", "pitch": -11.1}, "s0_self": {"angle": 337.6, "target_id": "self", "pitch": 43.1}, "s1_player_1": {"angle": 342.4, "target_id": "player_1", "pitch": -5.6}, "s1_self": {"angle": 146.7, "target_id": "self", "pitch": 27.1}}
  self_check: {"self_pitch_threshold": 20.0, "is_self_shot": true}
  spatial_check: {"best_idx": 0, "assigned_target": "self"}
  final_target: {"actual_target_id": "a28f4838", "target_name": "123 (В СЕБЯ 🎯)", "is_self_shot": true}
------------------------------------------------------------
[2026-08-13 16:22:11.843] [SHOT_PROCESSED]
  incoming_angle: 210.2
  incoming_pitch: -17.9
  game_mode: story_one_round
  game_phase: player_turn
  current_shooter: {"id": "a28f4838", "name": "123", "number": 1}
  shooter_s_idx: 0
  all_participants: [{"id": "a28f4838", "name": "123"}, {"id": "2b958dcf", "name": "DEALER"}]
  compass_calibration_state: {"s0_dealer": {"angle": 125.2, "target_id": "dealer", "pitch": -11.1}, "s0_self": {"angle": 337.6, "target_id": "self", "pitch": 43.1}, "s1_player_1": {"angle": 342.4, "target_id": "player_1", "pitch": -5.6}, "s1_self": {"angle": 146.7, "target_id": "self", "pitch": 27.1}}
  self_check: {"self_pitch_threshold": 20.0, "is_self_shot": false}
  spatial_check: {"best_idx": "s0_dealer", "assigned_target": "dealer"}
  final_target: {"actual_target_id": "2b958dcf", "target_name": "DEALER", "is_self_shot": false}
------------------------------------------------------------
[2026-08-13 16:23:14.792] [SHOT_PROCESSED]
  incoming_angle: 93.4
  incoming_pitch: 24.5
  game_mode: story_one_round
  game_phase: lobby
  current_shooter: None
  shooter_s_idx: 0
  all_participants: []
  compass_calibration_state: {"s0_dealer": {"angle": 125.2, "target_id": "dealer", "pitch": -11.1}, "s0_self": {"angle": 337.6, "target_id": "self", "pitch": 43.1}, "s1_player_1": {"angle": 342.4, "target_id": "player_1", "pitch": -5.6}, "s1_self": {"angle": 146.7, "target_id": "self", "pitch": 27.1}}
  self_check: {"self_pitch_threshold": 20.0, "is_self_shot": false}
  spatial_check: {"best_idx": "s0_dealer", "assigned_target": "dealer"}
  final_target: {"actual_target_id": null, "target_name": "Неизвестно", "is_self_shot": false}
------------------------------------------------------------
[2026-08-13 16:23:19.396] [CALIBRATION_STARTED]
  game_mode: story_one_round
  participants: [["player_1", "Игрок 1"], ["dealer", "Дилер"]]
  queue_length: 4
  queue: [{"key": "s0_dealer", "shooter_idx": 0, "shooter_name": "Игрок 1", "target_id": "dealer", "target_name": "Дилер", "prompt": "🎯 Игрок 1 ➔ Наведите на Дилер"}, {"key": "s0_self", "shooter_idx": 0, "shooter_name": "Игрок 1", "target_id": "self", "target_name": "В СЕБЯ", "prompt": "🎯 Игрок 1 ➔ В СЕБЯ (наведите на себя — горизонтально или вверх)"}, {"key": "s1_player_1", "shooter_idx": 1, "shooter_name": "Дилер", "target_id": "player_1", "target_name": "Игрок 1", "prompt": "🎯 Дилер ➔ Наведите на Игрок 1"}, {"key": "s1_self", "shooter_idx": 1, "shooter_name": "Дилер", "target_id": "self", "target_name": "В СЕБЯ", "prompt": "🎯 Дилер ➔ В СЕБЯ (наведите на себя — горизонтально или вверх)"}]
------------------------------------------------------------
[2026-08-13 16:23:35.414] [CALIBRATION_STEP_SAVED]
  step_key: s0_dealer
  target_name: Дилер
  default_target: dealer
  angle: 121.3
  pitch: -17.7
  remaining_queue_len: 3
  compass_calibration_database: {"s0_dealer": {"angle": 121.3, "target_id": "dealer", "pitch": -17.7}}
------------------------------------------------------------
[2026-08-13 16:23:39.478] [CALIBRATION_STEP_SAVED]
  step_key: s0_self
  target_name: В СЕБЯ
  default_target: self
  angle: 309.5
  pitch: 42.3
  remaining_queue_len: 2
  compass_calibration_database: {"s0_dealer": {"angle": 121.3, "target_id": "dealer", "pitch": -17.7}, "s0_self": {"angle": 309.5, "target_id": "self", "pitch": 42.3}}
------------------------------------------------------------
[2026-08-13 16:23:43.033] [CALIBRATION_STEP_SAVED]
  step_key: s1_player_1
  target_name: Игрок 1
  default_target: player_1
  angle: 310.4
  pitch: -5.7
  remaining_queue_len: 1
  compass_calibration_database: {"s0_dealer": {"angle": 121.3, "target_id": "dealer", "pitch": -17.7}, "s0_self": {"angle": 309.5, "target_id": "self", "pitch": 42.3}, "s1_player_1": {"angle": 310.4, "target_id": "player_1", "pitch": -5.7}}
------------------------------------------------------------
[2026-08-13 16:23:46.636] [CALIBRATION_STEP_SAVED]
  step_key: s1_self
  target_name: В СЕБЯ
  default_target: self
  angle: 78.8
  pitch: 30.6
  remaining_queue_len: 0
  compass_calibration_database: {"s0_dealer": {"angle": 121.3, "target_id": "dealer", "pitch": -17.7}, "s0_self": {"angle": 309.5, "target_id": "self", "pitch": 42.3}, "s1_player_1": {"angle": 310.4, "target_id": "player_1", "pitch": -5.7}, "s1_self": {"angle": 78.8, "target_id": "self", "pitch": 30.6}}
------------------------------------------------------------
[2026-08-13 16:24:08.071] [SHOT_PROCESSED]
  incoming_angle: 105.4
  incoming_pitch: -16.6
  game_mode: story_one_round
  game_phase: player_turn
  current_shooter: {"id": "be72cc30", "name": "123", "number": 1}
  shooter_s_idx: 0
  all_participants: [{"id": "be72cc30", "name": "123"}, {"id": "71ea7080", "name": "DEALER"}]
  compass_calibration_state: {"s0_dealer": {"angle": 121.3, "target_id": "dealer", "pitch": -17.7}, "s0_self": {"angle": 309.5, "target_id": "self", "pitch": 42.3}, "s1_player_1": {"angle": 310.4, "target_id": "player_1", "pitch": -5.7}, "s1_self": {"angle": 78.8, "target_id": "self", "pitch": 30.6}}
  self_check: {"self_pitch_threshold": 20.0, "is_self_shot": false}
  spatial_check: {"best_idx": "s0_dealer", "assigned_target": "dealer"}
  final_target: {"actual_target_id": "71ea7080", "target_name": "DEALER", "is_self_shot": false}
------------------------------------------------------------
[2026-08-13 16:24:12.585] [SHOT_PROCESSED]
  incoming_angle: 89.7
  incoming_pitch: 25.0
  game_mode: story_one_round
  game_phase: player_turn
  current_shooter: {"id": "71ea7080", "name": "DEALER", "number": 2}
  shooter_s_idx: 1
  all_participants: [{"id": "be72cc30", "name": "123"}, {"id": "71ea7080", "name": "DEALER"}]
  compass_calibration_state: {"s0_dealer": {"angle": 121.3, "target_id": "dealer", "pitch": -17.7}, "s0_self": {"angle": 309.5, "target_id": "self", "pitch": 42.3}, "s1_player_1": {"angle": 310.4, "target_id": "player_1", "pitch": -5.7}, "s1_self": {"angle": 78.8, "target_id": "self", "pitch": 30.6}}
  self_check: {"self_pitch_threshold": 18.36, "is_self_shot": true}
  spatial_check: {"best_idx": 0, "assigned_target": "self"}
  final_target: {"actual_target_id": "71ea7080", "target_name": "DEALER (В СЕБЯ 🎯)", "is_self_shot": true}
------------------------------------------------------------
[2026-08-13 16:24:14.666] [SHOT_PROCESSED]
  incoming_angle: 88.4
  incoming_pitch: -15.5
  game_mode: story_one_round
  game_phase: player_turn
  current_shooter: {"id": "71ea7080", "name": "DEALER", "number": 2}
  shooter_s_idx: 1
  all_participants: [{"id": "be72cc30", "name": "123"}, {"id": "71ea7080", "name": "DEALER"}]
  compass_calibration_state: {"s0_dealer": {"angle": 121.3, "target_id": "dealer", "pitch": -17.7}, "s0_self": {"angle": 309.5, "target_id": "self", "pitch": 42.3}, "s1_player_1": {"angle": 310.4, "target_id": "player_1", "pitch": -5.7}, "s1_self": {"angle": 78.8, "target_id": "self", "pitch": 30.6}}
  self_check: {"self_pitch_threshold": 18.36, "is_self_shot": true}
  spatial_check: {"best_idx": "s1_self", "assigned_target": "self"}
  final_target: {"actual_target_id": "71ea7080", "target_name": "DEALER (В СЕБЯ 🎯)", "is_self_shot": true}
------------------------------------------------------------
[2026-08-13 16:24:34.625] [SHOT_PROCESSED]
  incoming_angle: 204.3
  incoming_pitch: -8.7
  game_mode: story_one_round
  game_phase: player_turn
  current_shooter: {"id": "be72cc30", "name": "123", "number": 1}
  shooter_s_idx: 0
  all_participants: [{"id": "be72cc30", "name": "123"}, {"id": "71ea7080", "name": "DEALER"}]
  compass_calibration_state: {"s0_dealer": {"angle": 121.3, "target_id": "dealer", "pitch": -17.7}, "s0_self": {"angle": 309.5, "target_id": "self", "pitch": 42.3}, "s1_player_1": {"angle": 310.4, "target_id": "player_1", "pitch": -5.7}, "s1_self": {"angle": 78.8, "target_id": "self", "pitch": 30.6}}
  self_check: {"self_pitch_threshold": 20.0, "is_self_shot": false}
  spatial_check: {"best_idx": "s0_dealer", "assigned_target": "dealer"}
  final_target: {"actual_target_id": "71ea7080", "target_name": "DEALER", "is_self_shot": false}
------------------------------------------------------------
[2026-08-13 16:24:44.009] [SHOT_PROCESSED]
  incoming_angle: 190.3
  incoming_pitch: 37.1
  game_mode: story_one_round
  game_phase: player_turn
  current_shooter: {"id": "be72cc30", "name": "123", "number": 1}
  shooter_s_idx: 0
  all_participants: [{"id": "be72cc30", "name": "123"}, {"id": "71ea7080", "name": "DEALER"}]
  compass_calibration_state: {"s0_dealer": {"angle": 121.3, "target_id": "dealer", "pitch": -17.7}, "s0_self": {"angle": 309.5, "target_id": "self", "pitch": 42.3}, "s1_player_1": {"angle": 310.4, "target_id": "player_1", "pitch": -5.7}, "s1_self": {"angle": 78.8, "target_id": "self", "pitch": 30.6}}
  self_check: {"self_pitch_threshold": 20.0, "is_self_shot": true}
  spatial_check: {"best_idx": 0, "assigned_target": "self"}
  final_target: {"actual_target_id": "be72cc30", "target_name": "123 (В СЕБЯ 🎯)", "is_self_shot": true}
------------------------------------------------------------
[2026-08-13 16:24:52.372] [SHOT_PROCESSED]
  incoming_angle: 233.2
  incoming_pitch: -3.8
  game_mode: story_one_round
  game_phase: player_turn
  current_shooter: {"id": "be72cc30", "name": "123", "number": 1}
  shooter_s_idx: 0
  all_participants: [{"id": "be72cc30", "name": "123"}, {"id": "71ea7080", "name": "DEALER"}]
  compass_calibration_state: {"s0_dealer": {"angle": 121.3, "target_id": "dealer", "pitch": -17.7}, "s0_self": {"angle": 309.5, "target_id": "self", "pitch": 42.3}, "s1_player_1": {"angle": 310.4, "target_id": "player_1", "pitch": -5.7}, "s1_self": {"angle": 78.8, "target_id": "self", "pitch": 30.6}}
  self_check: {"self_pitch_threshold": 20.0, "is_self_shot": true}
  spatial_check: {"best_idx": "s0_self", "assigned_target": "self"}
  final_target: {"actual_target_id": "be72cc30", "target_name": "123 (В СЕБЯ 🎯)", "is_self_shot": true}
------------------------------------------------------------
[2026-08-13 16:25:02.895] [SHOT_PROCESSED]
  incoming_angle: 310.9
  incoming_pitch: 0.5
  game_mode: story_one_round
  game_phase: player_turn
  current_shooter: {"id": "be72cc30", "name": "123", "number": 1}
  shooter_s_idx: 0
  all_participants: [{"id": "be72cc30", "name": "123"}, {"id": "71ea7080", "name": "DEALER"}]
  compass_calibration_state: {"s0_dealer": {"angle": 121.3, "target_id": "dealer", "pitch": -17.7}, "s0_self": {"angle": 309.5, "target_id": "self", "pitch": 42.3}, "s1_player_1": {"angle": 310.4, "target_id": "player_1", "pitch": -5.7}, "s1_self": {"angle": 78.8, "target_id": "self", "pitch": 30.6}}
  self_check: {"self_pitch_threshold": 20.0, "is_self_shot": true}
  spatial_check: {"best_idx": "s0_self", "assigned_target": "self"}
  final_target: {"actual_target_id": "be72cc30", "target_name": "123 (В СЕБЯ 🎯)", "is_self_shot": true}
------------------------------------------------------------
[2026-08-13 16:25:11.135] [SHOT_PROCESSED]
  incoming_angle: 316.8
  incoming_pitch: 38.3
  game_mode: story_one_round
  game_phase: player_turn
  current_shooter: {"id": "be72cc30", "name": "123", "number": 1}
  shooter_s_idx: 0
  all_participants: [{"id": "be72cc30", "name": "123"}, {"id": "71ea7080", "name": "DEALER"}]
  compass_calibration_state: {"s0_dealer": {"angle": 121.3, "target_id": "dealer", "pitch": -17.7}, "s0_self": {"angle": 309.5, "target_id": "self", "pitch": 42.3}, "s1_player_1": {"angle": 310.4, "target_id": "player_1", "pitch": -5.7}, "s1_self": {"angle": 78.8, "target_id": "self", "pitch": 30.6}}
  self_check: {"self_pitch_threshold": 20.0, "is_self_shot": true}
  spatial_check: {"best_idx": 0, "assigned_target": "self"}
  final_target: {"actual_target_id": "be72cc30", "target_name": "123 (В СЕБЯ 🎯)", "is_self_shot": true}
------------------------------------------------------------
[2026-08-13 16:25:25.070] [SHOT_PROCESSED]
  incoming_angle: 343.3
  incoming_pitch: 13.9
  game_mode: story_one_round
  game_phase: player_turn
  current_shooter: {"id": "71ea7080", "name": "DEALER", "number": 2}
  shooter_s_idx: 1
  all_participants: [{"id": "be72cc30", "name": "123"}, {"id": "71ea7080", "name": "DEALER"}]
  compass_calibration_state: {"s0_dealer": {"angle": 121.3, "target_id": "dealer", "pitch": -17.7}, "s0_self": {"angle": 309.5, "target_id": "self", "pitch": 42.3}, "s1_player_1": {"angle": 310.4, "target_id": "player_1", "pitch": -5.7}, "s1_self": {"angle": 78.8, "target_id": "self", "pitch": 30.6}}
  self_check: {"self_pitch_threshold": 18.36, "is_self_shot": false}
  spatial_check: {"best_idx": "s1_player_1", "assigned_target": "player_1"}
  final_target: {"actual_target_id": "be72cc30", "target_name": "123", "is_self_shot": false}
------------------------------------------------------------
[2026-08-13 16:25:57.243] [SHOT_PROCESSED]
  incoming_angle: 339.8
  incoming_pitch: -9.1
  game_mode: story_one_round
  game_phase: player_turn
  current_shooter: {"id": "71ea7080", "name": "DEALER", "number": 2}
  shooter_s_idx: 1
  all_participants: [{"id": "be72cc30", "name": "123"}, {"id": "71ea7080", "name": "DEALER"}]
  compass_calibration_state: {"s0_dealer": {"angle": 121.3, "target_id": "dealer", "pitch": -17.7}, "s0_self": {"angle": 309.5, "target_id": "self", "pitch": 42.3}, "s1_player_1": {"angle": 310.4, "target_id": "player_1", "pitch": -5.7}, "s1_self": {"angle": 78.8, "target_id": "self", "pitch": 30.6}}
  self_check: {"self_pitch_threshold": 18.36, "is_self_shot": false}
  spatial_check: {"best_idx": "s1_player_1", "assigned_target": "player_1"}
  final_target: {"actual_target_id": "be72cc30", "target_name": "123", "is_self_shot": false}
------------------------------------------------------------
[2026-08-13 16:26:03.661] [SHOT_PROCESSED]
  incoming_angle: 12.7
  incoming_pitch: -11.5
  game_mode: story_one_round
  game_phase: player_turn
  current_shooter: {"id": "71ea7080", "name": "DEALER", "number": 2}
  shooter_s_idx: 1
  all_participants: [{"id": "be72cc30", "name": "123"}, {"id": "71ea7080", "name": "DEALER"}]
  compass_calibration_state: {"s0_dealer": {"angle": 121.3, "target_id": "dealer", "pitch": -17.7}, "s0_self": {"angle": 309.5, "target_id": "self", "pitch": 42.3}, "s1_player_1": {"angle": 310.4, "target_id": "player_1", "pitch": -5.7}, "s1_self": {"angle": 78.8, "target_id": "self", "pitch": 30.6}}
  self_check: {"self_pitch_threshold": 18.36, "is_self_shot": false}
  spatial_check: {"best_idx": "s1_player_1", "assigned_target": "player_1"}
  final_target: {"actual_target_id": "be72cc30", "target_name": "123", "is_self_shot": false}
------------------------------------------------------------
[2026-08-13 16:26:11.940] [SHOT_PROCESSED]
  incoming_angle: 225.2
  incoming_pitch: -5.6
  game_mode: story_one_round
  game_phase: player_turn
  current_shooter: {"id": "71ea7080", "name": "DEALER", "number": 2}
  shooter_s_idx: 1
  all_participants: [{"id": "be72cc30", "name": "123"}, {"id": "71ea7080", "name": "DEALER"}]
  compass_calibration_state: {"s0_dealer": {"angle": 121.3, "target_id": "dealer", "pitch": -17.7}, "s0_self": {"angle": 309.5, "target_id": "self", "pitch": 42.3}, "s1_player_1": {"angle": 310.4, "target_id": "player_1", "pitch": -5.7}, "s1_self": {"angle": 78.8, "target_id": "self", "pitch": 30.6}}
  self_check: {"self_pitch_threshold": 18.36, "is_self_shot": false}
  spatial_check: {"best_idx": "s1_player_1", "assigned_target": "player_1"}
  final_target: {"actual_target_id": "be72cc30", "target_name": "123", "is_self_shot": false}
------------------------------------------------------------
[2026-08-13 16:26:19.741] [SHOT_PROCESSED]
  incoming_angle: 301.4
  incoming_pitch: 6.0
  game_mode: story_one_round
  game_phase: player_turn
  current_shooter: {"id": "71ea7080", "name": "DEALER", "number": 2}
  shooter_s_idx: 1
  all_participants: [{"id": "be72cc30", "name": "123"}, {"id": "71ea7080", "name": "DEALER"}]
  compass_calibration_state: {"s0_dealer": {"angle": 121.3, "target_id": "dealer", "pitch": -17.7}, "s0_self": {"angle": 309.5, "target_id": "self", "pitch": 42.3}, "s1_player_1": {"angle": 310.4, "target_id": "player_1", "pitch": -5.7}, "s1_self": {"angle": 78.8, "target_id": "self", "pitch": 30.6}}
  self_check: {"self_pitch_threshold": 18.36, "is_self_shot": false}
  spatial_check: {"best_idx": "s1_player_1", "assigned_target": "player_1"}
  final_target: {"actual_target_id": "be72cc30", "target_name": "123", "is_self_shot": false}
------------------------------------------------------------
[2026-08-13 16:26:35.448] [SHOT_PROCESSED]
  incoming_angle: 142.9
  incoming_pitch: 14.0
  game_mode: story_one_round
  game_phase: player_turn
  current_shooter: {"id": "71ea7080", "name": "DEALER", "number": 2}
  shooter_s_idx: 1
  all_participants: [{"id": "be72cc30", "name": "123"}, {"id": "71ea7080", "name": "DEALER"}]
  compass_calibration_state: {"s0_dealer": {"angle": 121.3, "target_id": "dealer", "pitch": -17.7}, "s0_self": {"angle": 309.5, "target_id": "self", "pitch": 42.3}, "s1_player_1": {"angle": 310.4, "target_id": "player_1", "pitch": -5.7}, "s1_self": {"angle": 78.8, "target_id": "self", "pitch": 30.6}}
  self_check: {"self_pitch_threshold": 18.36, "is_self_shot": true}
  spatial_check: {"best_idx": "s1_self", "assigned_target": "self"}
  final_target: {"actual_target_id": "71ea7080", "target_name": "DEALER (В СЕБЯ 🎯)", "is_self_shot": true}
------------------------------------------------------------
[2026-08-13 16:26:44.062] [SHOT_PROCESSED]
  incoming_angle: 237.1
  incoming_pitch: -7.0
  game_mode: story_one_round
  game_phase: player_turn
  current_shooter: {"id": "71ea7080", "name": "DEALER", "number": 2}
  shooter_s_idx: 1
  all_participants: [{"id": "be72cc30", "name": "123"}, {"id": "71ea7080", "name": "DEALER"}]
  compass_calibration_state: {"s0_dealer": {"angle": 121.3, "target_id": "dealer", "pitch": -17.7}, "s0_self": {"angle": 309.5, "target_id": "self", "pitch": 42.3}, "s1_player_1": {"angle": 310.4, "target_id": "player_1", "pitch": -5.7}, "s1_self": {"angle": 78.8, "target_id": "self", "pitch": 30.6}}
  self_check: {"self_pitch_threshold": 18.36, "is_self_shot": false}
  spatial_check: {"best_idx": "s1_player_1", "assigned_target": "player_1"}
  final_target: {"actual_target_id": "be72cc30", "target_name": "123", "is_self_shot": false}
------------------------------------------------------------
[2026-08-13 16:27:03.176] [CALIBRATION_STARTED]
  game_mode: story_one_round
  participants: [["player_1", "Игрок 1"], ["dealer", "Дилер"]]
  queue_length: 4
  queue: [{"key": "s0_dealer", "shooter_idx": 0, "shooter_name": "Игрок 1", "target_id": "dealer", "target_name": "Дилер", "prompt": "🎯 Игрок 1 ➔ Наведите на Дилер"}, {"key": "s0_self", "shooter_idx": 0, "shooter_name": "Игрок 1", "target_id": "self", "target_name": "В СЕБЯ", "prompt": "🎯 Игрок 1 ➔ В СЕБЯ (наведите на себя — горизонтально или вверх)"}, {"key": "s1_player_1", "shooter_idx": 1, "shooter_name": "Дилер", "target_id": "player_1", "target_name": "Игрок 1", "prompt": "🎯 Дилер ➔ Наведите на Игрок 1"}, {"key": "s1_self", "shooter_idx": 1, "shooter_name": "Дилер", "target_id": "self", "target_name": "В СЕБЯ", "prompt": "🎯 Дилер ➔ В СЕБЯ (наведите на себя — горизонтально или вверх)"}]
------------------------------------------------------------
[2026-08-13 16:27:08.477] [CALIBRATION_STEP_SAVED]
  step_key: s0_dealer
  target_name: Дилер
  default_target: dealer
  angle: 257.5
  pitch: -15.0
  remaining_queue_len: 3
  compass_calibration_database: {"s0_dealer": {"angle": 257.5, "target_id": "dealer", "pitch": -15.0}}
------------------------------------------------------------
[2026-08-13 16:27:23.908] [CALIBRATION_STEP_SAVED]
  step_key: s0_self
  target_name: В СЕБЯ
  default_target: self
  angle: 102.3
  pitch: 22.7
  remaining_queue_len: 2
  compass_calibration_database: {"s0_dealer": {"angle": 257.5, "target_id": "dealer", "pitch": -15.0}, "s0_self": {"angle": 102.3, "target_id": "self", "pitch": 22.7}}
------------------------------------------------------------
[2026-08-13 16:27:31.638] [CALIBRATION_STEP_SAVED]
  step_key: s1_player_1
  target_name: Игрок 1
  default_target: player_1
  angle: 110.2
  pitch: -8.1
  remaining_queue_len: 1
  compass_calibration_database: {"s0_dealer": {"angle": 257.5, "target_id": "dealer", "pitch": -15.0}, "s0_self": {"angle": 102.3, "target_id": "self", "pitch": 22.7}, "s1_player_1": {"angle": 110.2, "target_id": "player_1", "pitch": -8.1}}
------------------------------------------------------------
[2026-08-13 16:27:36.400] [CALIBRATION_STEP_SAVED]
  step_key: s1_self
  target_name: В СЕБЯ
  default_target: self
  angle: 220.5
  pitch: 33.2
  remaining_queue_len: 0
  compass_calibration_database: {"s0_dealer": {"angle": 257.5, "target_id": "dealer", "pitch": -15.0}, "s0_self": {"angle": 102.3, "target_id": "self", "pitch": 22.7}, "s1_player_1": {"angle": 110.2, "target_id": "player_1", "pitch": -8.1}, "s1_self": {"angle": 220.5, "target_id": "self", "pitch": 33.2}}
------------------------------------------------------------
[2026-08-13 16:28:25.895] [SHOT_PROCESSED]
  incoming_angle: 65.0
  incoming_pitch: 31.8
  game_mode: story_one_round
  game_phase: player_turn
  current_shooter: {"id": "3e151ca3", "name": "123", "number": 1}
  shooter_s_idx: 0
  all_participants: [{"id": "3e151ca3", "name": "123"}, {"id": "828c77a7", "name": "DEALER"}]
  compass_calibration_state: {"s0_dealer": {"angle": 257.5, "target_id": "dealer", "pitch": -15.0}, "s0_self": {"angle": 102.3, "target_id": "self", "pitch": 22.7}, "s1_player_1": {"angle": 110.2, "target_id": "player_1", "pitch": -8.1}, "s1_self": {"angle": 220.5, "target_id": "self", "pitch": 33.2}}
  self_check: {"self_pitch_threshold": 13.62, "is_self_shot": true}
  spatial_check: {"best_idx": 0, "assigned_target": "self"}
  final_target: {"actual_target_id": "3e151ca3", "target_name": "123 (В СЕБЯ 🎯)", "is_self_shot": true}
------------------------------------------------------------
[2026-08-13 16:28:29.769] [SHOT_PROCESSED]
  incoming_angle: 81.1
  incoming_pitch: -9.2
  game_mode: story_one_round
  game_phase: player_turn
  current_shooter: {"id": "3e151ca3", "name": "123", "number": 1}
  shooter_s_idx: 0
  all_participants: [{"id": "3e151ca3", "name": "123"}, {"id": "828c77a7", "name": "DEALER"}]
  compass_calibration_state: {"s0_dealer": {"angle": 257.5, "target_id": "dealer", "pitch": -15.0}, "s0_self": {"angle": 102.3, "target_id": "self", "pitch": 22.7}, "s1_player_1": {"angle": 110.2, "target_id": "player_1", "pitch": -8.1}, "s1_self": {"angle": 220.5, "target_id": "self", "pitch": 33.2}}
  self_check: {"self_pitch_threshold": 13.62, "is_self_shot": true}
  spatial_check: {"best_idx": "s0_self", "assigned_target": "self"}
  final_target: {"actual_target_id": "3e151ca3", "target_name": "123 (В СЕБЯ 🎯)", "is_self_shot": true}
------------------------------------------------------------
[2026-08-13 16:28:39.327] [SHOT_PROCESSED]
  incoming_angle: 244.8
  incoming_pitch: -9.7
  game_mode: story_one_round
  game_phase: player_turn
  current_shooter: {"id": "3e151ca3", "name": "123", "number": 1}
  shooter_s_idx: 0
  all_participants: [{"id": "3e151ca3", "name": "123"}, {"id": "828c77a7", "name": "DEALER"}]
  compass_calibration_state: {"s0_dealer": {"angle": 257.5, "target_id": "dealer", "pitch": -15.0}, "s0_self": {"angle": 102.3, "target_id": "self", "pitch": 22.7}, "s1_player_1": {"angle": 110.2, "target_id": "player_1", "pitch": -8.1}, "s1_self": {"angle": 220.5, "target_id": "self", "pitch": 33.2}}
  self_check: {"self_pitch_threshold": 13.62, "is_self_shot": false}
  spatial_check: {"best_idx": "s0_dealer", "assigned_target": "dealer"}
  final_target: {"actual_target_id": "828c77a7", "target_name": "DEALER", "is_self_shot": false}
------------------------------------------------------------
[2026-08-13 16:28:55.744] [SHOT_PROCESSED]
  incoming_angle: 207.6
  incoming_pitch: 67.6
  game_mode: story_one_round
  game_phase: player_turn
  current_shooter: {"id": "3e151ca3", "name": "123", "number": 1}
  shooter_s_idx: 0
  all_participants: [{"id": "3e151ca3", "name": "123"}, {"id": "828c77a7", "name": "DEALER"}]
  compass_calibration_state: {"s0_dealer": {"angle": 257.5, "target_id": "dealer", "pitch": -15.0}, "s0_self": {"angle": 102.3, "target_id": "self", "pitch": 22.7}, "s1_player_1": {"angle": 110.2, "target_id": "player_1", "pitch": -8.1}, "s1_self": {"angle": 220.5, "target_id": "self", "pitch": 33.2}}
  self_check: {"self_pitch_threshold": 13.62, "is_self_shot": true}
  spatial_check: {"best_idx": 0, "assigned_target": "self"}
  final_target: {"actual_target_id": "3e151ca3", "target_name": "123 (В СЕБЯ 🎯)", "is_self_shot": true}
------------------------------------------------------------
[2026-08-13 16:29:01.183] [SHOT_PROCESSED]
  incoming_angle: 291.9
  incoming_pitch: -11.9
  game_mode: story_one_round
  game_phase: player_turn
  current_shooter: {"id": "828c77a7", "name": "DEALER", "number": 2}
  shooter_s_idx: 1
  all_participants: [{"id": "3e151ca3", "name": "123"}, {"id": "828c77a7", "name": "DEALER"}]
  compass_calibration_state: {"s0_dealer": {"angle": 257.5, "target_id": "dealer", "pitch": -15.0}, "s0_self": {"angle": 102.3, "target_id": "self", "pitch": 22.7}, "s1_player_1": {"angle": 110.2, "target_id": "player_1", "pitch": -8.1}, "s1_self": {"angle": 220.5, "target_id": "self", "pitch": 33.2}}
  self_check: {"self_pitch_threshold": 19.92, "is_self_shot": true}
  spatial_check: {"best_idx": "s1_self", "assigned_target": "self"}
  final_target: {"actual_target_id": "828c77a7", "target_name": "DEALER (В СЕБЯ 🎯)", "is_self_shot": true}
------------------------------------------------------------
[2026-08-13 16:29:05.836] [SHOT_PROCESSED]
  incoming_angle: 253.3
  incoming_pitch: 29.8
  game_mode: story_one_round
  game_phase: player_turn
  current_shooter: {"id": "3e151ca3", "name": "123", "number": 1}
  shooter_s_idx: 0
  all_participants: [{"id": "3e151ca3", "name": "123"}, {"id": "828c77a7", "name": "DEALER"}]
  compass_calibration_state: {"s0_dealer": {"angle": 257.5, "target_id": "dealer", "pitch": -15.0}, "s0_self": {"angle": 102.3, "target_id": "self", "pitch": 22.7}, "s1_player_1": {"angle": 110.2, "target_id": "player_1", "pitch": -8.1}, "s1_self": {"angle": 220.5, "target_id": "self", "pitch": 33.2}}
  self_check: {"self_pitch_threshold": 13.62, "is_self_shot": true}
  spatial_check: {"best_idx": 0, "assigned_target": "self"}
  final_target: {"actual_target_id": "3e151ca3", "target_name": "123 (В СЕБЯ 🎯)", "is_self_shot": true}
------------------------------------------------------------
[2026-08-13 16:29:07.970] [SHOT_PROCESSED]
  incoming_angle: 11.6
  incoming_pitch: -9.8
  game_mode: story_one_round
  game_phase: player_turn
  current_shooter: {"id": "3e151ca3", "name": "123", "number": 1}
  shooter_s_idx: 0
  all_participants: [{"id": "3e151ca3", "name": "123"}, {"id": "828c77a7", "name": "DEALER"}]
  compass_calibration_state: {"s0_dealer": {"angle": 257.5, "target_id": "dealer", "pitch": -15.0}, "s0_self": {"angle": 102.3, "target_id": "self", "pitch": 22.7}, "s1_player_1": {"angle": 110.2, "target_id": "player_1", "pitch": -8.1}, "s1_self": {"angle": 220.5, "target_id": "self", "pitch": 33.2}}
  self_check: {"self_pitch_threshold": 13.62, "is_self_shot": true}
  spatial_check: {"best_idx": "s0_self", "assigned_target": "self"}
  final_target: {"actual_target_id": "3e151ca3", "target_name": "123 (В СЕБЯ 🎯)", "is_self_shot": true}
------------------------------------------------------------
[2026-08-13 16:29:10.650] [SHOT_PROCESSED]
  incoming_angle: 345.2
  incoming_pitch: -10.0
  game_mode: story_one_round
  game_phase: player_turn
  current_shooter: {"id": "3e151ca3", "name": "123", "number": 1}
  shooter_s_idx: 0
  all_participants: [{"id": "3e151ca3", "name": "123"}, {"id": "828c77a7", "name": "DEALER"}]
  compass_calibration_state: {"s0_dealer": {"angle": 257.5, "target_id": "dealer", "pitch": -15.0}, "s0_self": {"angle": 102.3, "target_id": "self", "pitch": 22.7}, "s1_player_1": {"angle": 110.2, "target_id": "player_1", "pitch": -8.1}, "s1_self": {"angle": 220.5, "target_id": "self", "pitch": 33.2}}
  self_check: {"self_pitch_threshold": 13.62, "is_self_shot": false}
  spatial_check: {"best_idx": "s0_dealer", "assigned_target": "dealer"}
  final_target: {"actual_target_id": "828c77a7", "target_name": "DEALER", "is_self_shot": false}
------------------------------------------------------------
[2026-08-13 16:29:20.302] [SHOT_PROCESSED]
  incoming_angle: 331.0
  incoming_pitch: -13.7
  game_mode: story_one_round
  game_phase: player_turn
  current_shooter: {"id": "3e151ca3", "name": "123", "number": 1}
  shooter_s_idx: 0
  all_participants: [{"id": "3e151ca3", "name": "123"}, {"id": "828c77a7", "name": "DEALER"}]
  compass_calibration_state: {"s0_dealer": {"angle": 257.5, "target_id": "dealer", "pitch": -15.0}, "s0_self": {"angle": 102.3, "target_id": "self", "pitch": 22.7}, "s1_player_1": {"angle": 110.2, "target_id": "player_1", "pitch": -8.1}, "s1_self": {"angle": 220.5, "target_id": "self", "pitch": 33.2}}
  self_check: {"self_pitch_threshold": 13.62, "is_self_shot": true}
  spatial_check: {"best_idx": 0, "assigned_target": "self"}
  final_target: {"actual_target_id": "3e151ca3", "target_name": "123 (В СЕБЯ 🎯)", "is_self_shot": true}
------------------------------------------------------------
[2026-08-13 16:29:29.385] [SHOT_PROCESSED]
  incoming_angle: 313.5
  incoming_pitch: -12.0
  game_mode: story_one_round
  game_phase: player_turn
  current_shooter: {"id": "3e151ca3", "name": "123", "number": 1}
  shooter_s_idx: 0
  all_participants: [{"id": "3e151ca3", "name": "123"}, {"id": "828c77a7", "name": "DEALER"}]
  compass_calibration_state: {"s0_dealer": {"angle": 257.5, "target_id": "dealer", "pitch": -15.0}, "s0_self": {"angle": 102.3, "target_id": "self", "pitch": 22.7}, "s1_player_1": {"angle": 110.2, "target_id": "player_1", "pitch": -8.1}, "s1_self": {"angle": 220.5, "target_id": "self", "pitch": 33.2}}
  self_check: {"self_pitch_threshold": 13.62, "is_self_shot": false}
  spatial_check: {"best_idx": "s0_dealer", "assigned_target": "dealer"}
  final_target: {"actual_target_id": "828c77a7", "target_name": "DEALER", "is_self_shot": false}
------------------------------------------------------------
[2026-08-13 16:29:36.699] [SHOT_PROCESSED]
  incoming_angle: 305.2
  incoming_pitch: -9.5
  game_mode: story_one_round
  game_phase: player_turn
  current_shooter: {"id": "3e151ca3", "name": "123", "number": 1}
  shooter_s_idx: 0
  all_participants: [{"id": "3e151ca3", "name": "123"}, {"id": "828c77a7", "name": "DEALER"}]
  compass_calibration_state: {"s0_dealer": {"angle": 257.5, "target_id": "dealer", "pitch": -15.0}, "s0_self": {"angle": 102.3, "target_id": "self", "pitch": 22.7}, "s1_player_1": {"angle": 110.2, "target_id": "player_1", "pitch": -8.1}, "s1_self": {"angle": 220.5, "target_id": "self", "pitch": 33.2}}
  self_check: {"self_pitch_threshold": 13.62, "is_self_shot": false}
  spatial_check: {"best_idx": "s0_dealer", "assigned_target": "dealer"}
  final_target: {"actual_target_id": "828c77a7", "target_name": "DEALER", "is_self_shot": false}
------------------------------------------------------------
[2026-08-13 16:29:43.082] [SHOT_PROCESSED]
  incoming_angle: 312.1
  incoming_pitch: 31.8
  game_mode: story_one_round
  game_phase: player_turn
  current_shooter: {"id": "3e151ca3", "name": "123", "number": 1}
  shooter_s_idx: 0
  all_participants: [{"id": "3e151ca3", "name": "123"}, {"id": "828c77a7", "name": "DEALER"}]
  compass_calibration_state: {"s0_dealer": {"angle": 257.5, "target_id": "dealer", "pitch": -15.0}, "s0_self": {"angle": 102.3, "target_id": "self", "pitch": 22.7}, "s1_player_1": {"angle": 110.2, "target_id": "player_1", "pitch": -8.1}, "s1_self": {"angle": 220.5, "target_id": "self", "pitch": 33.2}}
  self_check: {"self_pitch_threshold": 13.62, "is_self_shot": true}
  spatial_check: {"best_idx": 0, "assigned_target": "self"}
  final_target: {"actual_target_id": "3e151ca3", "target_name": "123 (В СЕБЯ 🎯)", "is_self_shot": true}
------------------------------------------------------------
[2026-08-13 16:30:13.689] [SHOT_PROCESSED]
  incoming_angle: 271.9
  incoming_pitch: -10.4
  game_mode: story_one_round
  game_phase: player_turn
  current_shooter: {"id": "3e151ca3", "name": "123", "number": 1}
  shooter_s_idx: 0
  all_participants: [{"id": "3e151ca3", "name": "123"}, {"id": "828c77a7", "name": "DEALER"}]
  compass_calibration_state: {"s0_dealer": {"angle": 257.5, "target_id": "dealer", "pitch": -15.0}, "s0_self": {"angle": 102.3, "target_id": "self", "pitch": 22.7}, "s1_player_1": {"angle": 110.2, "target_id": "player_1", "pitch": -8.1}, "s1_self": {"angle": 220.5, "target_id": "self", "pitch": 33.2}}
  self_check: {"self_pitch_threshold": 13.62, "is_self_shot": false}
  spatial_check: {"best_idx": "s0_dealer", "assigned_target": "dealer"}
  final_target: {"actual_target_id": "828c77a7", "target_name": "DEALER", "is_self_shot": false}
------------------------------------------------------------
[2026-08-13 16:30:19.865] [SHOT_PROCESSED]
  incoming_angle: 275.8
  incoming_pitch: 16.2
  game_mode: story_one_round
  game_phase: player_turn
  current_shooter: {"id": "3e151ca3", "name": "123", "number": 1}
  shooter_s_idx: 0
  all_participants: [{"id": "3e151ca3", "name": "123"}, {"id": "828c77a7", "name": "DEALER"}]
  compass_calibration_state: {"s0_dealer": {"angle": 257.5, "target_id": "dealer", "pitch": -15.0}, "s0_self": {"angle": 102.3, "target_id": "self", "pitch": 22.7}, "s1_player_1": {"angle": 110.2, "target_id": "player_1", "pitch": -8.1}, "s1_self": {"angle": 220.5, "target_id": "self", "pitch": 33.2}}
  self_check: {"self_pitch_threshold": 13.62, "is_self_shot": true}
  spatial_check: {"best_idx": 0, "assigned_target": "self"}
  final_target: {"actual_target_id": "3e151ca3", "target_name": "123 (В СЕБЯ 🎯)", "is_self_shot": true}
------------------------------------------------------------
[2026-08-13 16:30:26.293] [SHOT_PROCESSED]
  incoming_angle: 281.2
  incoming_pitch: -12.5
  game_mode: story_one_round
  game_phase: player_turn
  current_shooter: {"id": "3e151ca3", "name": "123", "number": 1}
  shooter_s_idx: 0
  all_participants: [{"id": "3e151ca3", "name": "123"}, {"id": "828c77a7", "name": "DEALER"}]
  compass_calibration_state: {"s0_dealer": {"angle": 257.5, "target_id": "dealer", "pitch": -15.0}, "s0_self": {"angle": 102.3, "target_id": "self", "pitch": 22.7}, "s1_player_1": {"angle": 110.2, "target_id": "player_1", "pitch": -8.1}, "s1_self": {"angle": 220.5, "target_id": "self", "pitch": 33.2}}
  self_check: {"self_pitch_threshold": 13.62, "is_self_shot": false}
  spatial_check: {"best_idx": "s0_dealer", "assigned_target": "dealer"}
  final_target: {"actual_target_id": "828c77a7", "target_name": "DEALER", "is_self_shot": false}
------------------------------------------------------------
[2026-08-13 16:30:35.222] [SHOT_PROCESSED]
  incoming_angle: 277.7
  incoming_pitch: 17.9
  game_mode: story_one_round
  game_phase: player_turn
  current_shooter: {"id": "3e151ca3", "name": "123", "number": 1}
  shooter_s_idx: 0
  all_participants: [{"id": "3e151ca3", "name": "123"}, {"id": "828c77a7", "name": "DEALER"}]
  compass_calibration_state: {"s0_dealer": {"angle": 257.5, "target_id": "dealer", "pitch": -15.0}, "s0_self": {"angle": 102.3, "target_id": "self", "pitch": 22.7}, "s1_player_1": {"angle": 110.2, "target_id": "player_1", "pitch": -8.1}, "s1_self": {"angle": 220.5, "target_id": "self", "pitch": 33.2}}
  self_check: {"self_pitch_threshold": 13.62, "is_self_shot": true}
  spatial_check: {"best_idx": 0, "assigned_target": "self"}
  final_target: {"actual_target_id": "3e151ca3", "target_name": "123 (В СЕБЯ 🎯)", "is_self_shot": true}
------------------------------------------------------------
[2026-08-13 16:32:50.918] [CALIBRATION_STARTED]
  game_mode: story_one_round
  participants: [["player_1", "123 (# 1)"], ["dealer", "Дилер"]]
  queue_length: 4
  queue: [{"key": "s0_dealer", "shooter_idx": 0, "shooter_name": "123 (# 1)", "target_id": "dealer", "target_name": "Дилер", "prompt": "🎯 123 (# 1) ➔ Наведите на Дилер"}, {"key": "s0_self", "shooter_idx": 0, "shooter_name": "123 (# 1)", "target_id": "self", "target_name": "В СЕБЯ", "prompt": "🎯 123 (# 1) ➔ В СЕБЯ (наведите на себя — горизонтально или вверх)"}, {"key": "s1_player_1", "shooter_idx": 1, "shooter_name": "Дилер", "target_id": "player_1", "target_name": "123 (# 1)", "prompt": "🎯 Дилер ➔ Наведите на 123 (# 1)"}, {"key": "s1_self", "shooter_idx": 1, "shooter_name": "Дилер", "target_id": "self", "target_name": "В СЕБЯ", "prompt": "🎯 Дилер ➔ В СЕБЯ (наведите на себя — горизонтально или вверх)"}]
------------------------------------------------------------
[2026-08-13 16:33:04.961] [CALIBRATION_STEP_SAVED]
  step_key: s0_dealer
  target_name: Дилер
  default_target: dealer
  angle: 324.4
  pitch: -15.7
  remaining_queue_len: 3
  compass_calibration_database: {"s0_dealer": {"angle": 324.4, "target_id": "dealer", "pitch": -15.7}}
------------------------------------------------------------
[2026-08-13 16:33:07.616] [CALIBRATION_STARTED]
  game_mode: story_one_round
  participants: [["player_1", "123 (# 1)"], ["dealer", "Дилер"]]
  queue_length: 4
  queue: [{"key": "s0_dealer", "shooter_idx": 0, "shooter_name": "123 (# 1)", "target_id": "dealer", "target_name": "Дилер", "prompt": "🎯 123 (# 1) ➔ Наведите на Дилер"}, {"key": "s0_self", "shooter_idx": 0, "shooter_name": "123 (# 1)", "target_id": "self", "target_name": "В СЕБЯ", "prompt": "🎯 123 (# 1) ➔ В СЕБЯ (наведите на себя — горизонтально или вверх)"}, {"key": "s1_player_1", "shooter_idx": 1, "shooter_name": "Дилер", "target_id": "player_1", "target_name": "123 (# 1)", "prompt": "🎯 Дилер ➔ Наведите на 123 (# 1)"}, {"key": "s1_self", "shooter_idx": 1, "shooter_name": "Дилер", "target_id": "self", "target_name": "В СЕБЯ", "prompt": "🎯 Дилер ➔ В СЕБЯ (наведите на себя — горизонтально или вверх)"}]
------------------------------------------------------------
[2026-08-13 16:33:09.897] [CALIBRATION_STEP_SAVED]
  step_key: s0_dealer
  target_name: Дилер
  default_target: dealer
  angle: 299.4
  pitch: -14.5
  remaining_queue_len: 3
  compass_calibration_database: {"s0_dealer": {"angle": 299.4, "target_id": "dealer", "pitch": -14.5}}
------------------------------------------------------------
[2026-08-13 16:33:13.308] [CALIBRATION_STEP_SAVED]
  step_key: s0_self
  target_name: В СЕБЯ
  default_target: self
  angle: 141.3
  pitch: 35.9
  remaining_queue_len: 2
  compass_calibration_database: {"s0_dealer": {"angle": 299.4, "target_id": "dealer", "pitch": -14.5}, "s0_self": {"angle": 141.3, "target_id": "self", "pitch": 35.9}}
------------------------------------------------------------
[2026-08-13 16:33:19.148] [CALIBRATION_STEP_SAVED]
  step_key: s1_player_1
  target_name: 123 (# 1)
  default_target: player_1
  angle: 139.0
  pitch: -9.6
  remaining_queue_len: 1
  compass_calibration_database: {"s0_dealer": {"angle": 299.4, "target_id": "dealer", "pitch": -14.5}, "s0_self": {"angle": 141.3, "target_id": "self", "pitch": 35.9}, "s1_player_1": {"angle": 139.0, "target_id": "player_1", "pitch": -9.6}}
------------------------------------------------------------
[2026-08-13 16:33:21.449] [CALIBRATION_STEP_SAVED]
  step_key: s1_self
  target_name: В СЕБЯ
  default_target: self
  angle: 139.0
  pitch: -9.6
  remaining_queue_len: 0
  compass_calibration_database: {"s0_dealer": {"angle": 299.4, "target_id": "dealer", "pitch": -14.5}, "s0_self": {"angle": 141.3, "target_id": "self", "pitch": 35.9}, "s1_player_1": {"angle": 139.0, "target_id": "player_1", "pitch": -9.6}, "s1_self": {"angle": 139.0, "target_id": "self", "pitch": -9.6}}
------------------------------------------------------------
[2026-08-13 16:33:23.520] [CALIBRATION_STARTED]
  game_mode: story_one_round
  participants: [["player_1", "123 (# 1)"], ["dealer", "Дилер"]]
  queue_length: 4
  queue: [{"key": "s0_dealer", "shooter_idx": 0, "shooter_name": "123 (# 1)", "target_id": "dealer", "target_name": "Дилер", "prompt": "🎯 123 (# 1) ➔ Наведите на Дилер"}, {"key": "s0_self", "shooter_idx": 0, "shooter_name": "123 (# 1)", "target_id": "self", "target_name": "В СЕБЯ", "prompt": "🎯 123 (# 1) ➔ В СЕБЯ (наведите на себя — горизонтально или вверх)"}, {"key": "s1_player_1", "shooter_idx": 1, "shooter_name": "Дилер", "target_id": "player_1", "target_name": "123 (# 1)", "prompt": "🎯 Дилер ➔ Наведите на 123 (# 1)"}, {"key": "s1_self", "shooter_idx": 1, "shooter_name": "Дилер", "target_id": "self", "target_name": "В СЕБЯ", "prompt": "🎯 Дилер ➔ В СЕБЯ (наведите на себя — горизонтально или вверх)"}]
------------------------------------------------------------
[2026-08-13 16:33:27.312] [CALIBRATION_STEP_SAVED]
  step_key: s0_dealer
  target_name: Дилер
  default_target: dealer
  angle: 275.9
  pitch: -11.3
  remaining_queue_len: 3
  compass_calibration_database: {"s0_dealer": {"angle": 275.9, "target_id": "dealer", "pitch": -11.3}}
------------------------------------------------------------
[2026-08-13 16:33:30.361] [CALIBRATION_STEP_SAVED]
  step_key: s0_self
  target_name: В СЕБЯ
  default_target: self
  angle: 147.9
  pitch: 43.0
  remaining_queue_len: 2
  compass_calibration_database: {"s0_dealer": {"angle": 275.9, "target_id": "dealer", "pitch": -11.3}, "s0_self": {"angle": 147.9, "target_id": "self", "pitch": 43.0}}
------------------------------------------------------------
[2026-08-13 16:33:33.131] [CALIBRATION_STEP_SAVED]
  step_key: s1_player_1
  target_name: 123 (# 1)
  default_target: player_1
  angle: 176.3
  pitch: -7.9
  remaining_queue_len: 1
  compass_calibration_database: {"s0_dealer": {"angle": 275.9, "target_id": "dealer", "pitch": -11.3}, "s0_self": {"angle": 147.9, "target_id": "self", "pitch": 43.0}, "s1_player_1": {"angle": 176.3, "target_id": "player_1", "pitch": -7.9}}
------------------------------------------------------------
[2026-08-13 16:33:37.190] [CALIBRATION_STEP_SAVED]
  step_key: s1_self
  target_name: В СЕБЯ
  default_target: self
  angle: 321.6
  pitch: 27.2
  remaining_queue_len: 0
  compass_calibration_database: {"s0_dealer": {"angle": 275.9, "target_id": "dealer", "pitch": -11.3}, "s0_self": {"angle": 147.9, "target_id": "self", "pitch": 43.0}, "s1_player_1": {"angle": 176.3, "target_id": "player_1", "pitch": -7.9}, "s1_self": {"angle": 321.6, "target_id": "self", "pitch": 27.2}}
------------------------------------------------------------
[2026-08-13 16:33:45.952] [SHOT_PROCESSED]
  incoming_angle: 173.0
  incoming_pitch: 36.1
  game_mode: story_one_round
  game_phase: player_turn
  current_shooter: {"id": "8a65a5cc", "name": "123", "number": 1}
  shooter_s_idx: 0
  all_participants: [{"id": "8a65a5cc", "name": "123"}, {"id": "ce7ff01a", "name": "DEALER"}]
  compass_calibration_state: {"s0_dealer": {"angle": 275.9, "target_id": "dealer", "pitch": -11.3}, "s0_self": {"angle": 147.9, "target_id": "self", "pitch": 43.0}, "s1_player_1": {"angle": 176.3, "target_id": "player_1", "pitch": -7.9}, "s1_self": {"angle": 321.6, "target_id": "self", "pitch": 27.2}}
  self_check: {"self_pitch_threshold": 32.25, "is_self_shot": true}
  spatial_check: {"best_idx": 0, "assigned_target": "self"}
  final_target: {"actual_target_id": "8a65a5cc", "target_name": "123 (В СЕБЯ 🎯)", "is_self_shot": true}
------------------------------------------------------------
[2026-08-13 16:33:48.508] [SHOT_PROCESSED]
  incoming_angle: 197.4
  incoming_pitch: -10.1
  game_mode: story_one_round
  game_phase: player_turn
  current_shooter: {"id": "8a65a5cc", "name": "123", "number": 1}
  shooter_s_idx: 0
  all_participants: [{"id": "8a65a5cc", "name": "123"}, {"id": "ce7ff01a", "name": "DEALER"}]
  compass_calibration_state: {"s0_dealer": {"angle": 275.9, "target_id": "dealer", "pitch": -11.3}, "s0_self": {"angle": 147.9, "target_id": "self", "pitch": 43.0}, "s1_player_1": {"angle": 176.3, "target_id": "player_1", "pitch": -7.9}, "s1_self": {"angle": 321.6, "target_id": "self", "pitch": 27.2}}
  self_check: {"self_pitch_threshold": 32.25, "is_self_shot": true}
  spatial_check: {"best_idx": "s0_self", "assigned_target": "self"}
  final_target: {"actual_target_id": "8a65a5cc", "target_name": "123 (В СЕБЯ 🎯)", "is_self_shot": true}
------------------------------------------------------------
[2026-08-13 16:33:57.576] [SHOT_PROCESSED]
  incoming_angle: 357.5
  incoming_pitch: -5.9
  game_mode: story_one_round
  game_phase: player_turn
  current_shooter: {"id": "8a65a5cc", "name": "123", "number": 1}
  shooter_s_idx: 0
  all_participants: [{"id": "8a65a5cc", "name": "123"}, {"id": "ce7ff01a", "name": "DEALER"}]
  compass_calibration_state: {"s0_dealer": {"angle": 275.9, "target_id": "dealer", "pitch": -11.3}, "s0_self": {"angle": 147.9, "target_id": "self", "pitch": 43.0}, "s1_player_1": {"angle": 176.3, "target_id": "player_1", "pitch": -7.9}, "s1_self": {"angle": 321.6, "target_id": "self", "pitch": 27.2}}
  self_check: {"self_pitch_threshold": 32.25, "is_self_shot": false}
  spatial_check: {"best_idx": "s0_dealer", "assigned_target": "dealer"}
  final_target: {"actual_target_id": "ce7ff01a", "target_name": "DEALER", "is_self_shot": false}
------------------------------------------------------------
[2026-08-13 16:34:04.989] [SHOT_PROCESSED]
  incoming_angle: 359.6
  incoming_pitch: 13.2
  game_mode: story_one_round
  game_phase: player_turn
  current_shooter: {"id": "8a65a5cc", "name": "123", "number": 1}
  shooter_s_idx: 0
  all_participants: [{"id": "8a65a5cc", "name": "123"}, {"id": "ce7ff01a", "name": "DEALER"}]
  compass_calibration_state: {"s0_dealer": {"angle": 275.9, "target_id": "dealer", "pitch": -11.3}, "s0_self": {"angle": 147.9, "target_id": "self", "pitch": 43.0}, "s1_player_1": {"angle": 176.3, "target_id": "player_1", "pitch": -7.9}, "s1_self": {"angle": 321.6, "target_id": "self", "pitch": 27.2}}
  self_check: {"self_pitch_threshold": 32.25, "is_self_shot": false}
  spatial_check: {"best_idx": "s0_dealer", "assigned_target": "dealer"}
  final_target: {"actual_target_id": "ce7ff01a", "target_name": "DEALER", "is_self_shot": false}
------------------------------------------------------------
[2026-08-13 16:34:07.553] [SHOT_PROCESSED]
  incoming_angle: 1.7
  incoming_pitch: -9.6
  game_mode: story_one_round
  game_phase: player_turn
  current_shooter: {"id": "ce7ff01a", "name": "DEALER", "number": 2}
  shooter_s_idx: 1
  all_participants: [{"id": "8a65a5cc", "name": "123"}, {"id": "ce7ff01a", "name": "DEALER"}]
  compass_calibration_state: {"s0_dealer": {"angle": 275.9, "target_id": "dealer", "pitch": -11.3}, "s0_self": {"angle": 147.9, "target_id": "self", "pitch": 43.0}, "s1_player_1": {"angle": 176.3, "target_id": "player_1", "pitch": -7.9}, "s1_self": {"angle": 321.6, "target_id": "self", "pitch": 27.2}}
  self_check: {"self_pitch_threshold": 24.0, "is_self_shot": true}
  spatial_check: {"best_idx": "s1_self", "assigned_target": "self"}
  final_target: {"actual_target_id": "ce7ff01a", "target_name": "DEALER (В СЕБЯ 🎯)", "is_self_shot": true}
------------------------------------------------------------
[2026-08-13 16:34:08.974] [SHOT_PROCESSED]
  incoming_angle: 354.0
  incoming_pitch: -10.5
  game_mode: story_one_round
  game_phase: player_turn
  current_shooter: {"id": "ce7ff01a", "name": "DEALER", "number": 2}
  shooter_s_idx: 1
  all_participants: [{"id": "8a65a5cc", "name": "123"}, {"id": "ce7ff01a", "name": "DEALER"}]
  compass_calibration_state: {"s0_dealer": {"angle": 275.9, "target_id": "dealer", "pitch": -11.3}, "s0_self": {"angle": 147.9, "target_id": "self", "pitch": 43.0}, "s1_player_1": {"angle": 176.3, "target_id": "player_1", "pitch": -7.9}, "s1_self": {"angle": 321.6, "target_id": "self", "pitch": 27.2}}
  self_check: {"self_pitch_threshold": 24.0, "is_self_shot": true}
  spatial_check: {"best_idx": "s1_self", "assigned_target": "self"}
  final_target: {"actual_target_id": "ce7ff01a", "target_name": "DEALER (В СЕБЯ 🎯)", "is_self_shot": true}
------------------------------------------------------------
[2026-08-13 16:34:10.462] [SHOT_PROCESSED]
  incoming_angle: 12.7
  incoming_pitch: -10.1
  game_mode: story_one_round
  game_phase: player_turn
  current_shooter: {"id": "ce7ff01a", "name": "DEALER", "number": 2}
  shooter_s_idx: 1
  all_participants: [{"id": "8a65a5cc", "name": "123"}, {"id": "ce7ff01a", "name": "DEALER"}]
  compass_calibration_state: {"s0_dealer": {"angle": 275.9, "target_id": "dealer", "pitch": -11.3}, "s0_self": {"angle": 147.9, "target_id": "self", "pitch": 43.0}, "s1_player_1": {"angle": 176.3, "target_id": "player_1", "pitch": -7.9}, "s1_self": {"angle": 321.6, "target_id": "self", "pitch": 27.2}}
  self_check: {"self_pitch_threshold": 24.0, "is_self_shot": true}
  spatial_check: {"best_idx": "s1_self", "assigned_target": "self"}
  final_target: {"actual_target_id": "ce7ff01a", "target_name": "DEALER (В СЕБЯ 🎯)", "is_self_shot": true}
------------------------------------------------------------
[2026-08-13 16:34:14.734] [SHOT_PROCESSED]
  incoming_angle: 232.2
  incoming_pitch: 31.2
  game_mode: story_one_round
  game_phase: player_turn
  current_shooter: {"id": "8a65a5cc", "name": "123", "number": 1}
  shooter_s_idx: 0
  all_participants: [{"id": "8a65a5cc", "name": "123"}, {"id": "ce7ff01a", "name": "DEALER"}]
  compass_calibration_state: {"s0_dealer": {"angle": 275.9, "target_id": "dealer", "pitch": -11.3}, "s0_self": {"angle": 147.9, "target_id": "self", "pitch": 43.0}, "s1_player_1": {"angle": 176.3, "target_id": "player_1", "pitch": -7.9}, "s1_self": {"angle": 321.6, "target_id": "self", "pitch": 27.2}}
  self_check: {"self_pitch_threshold": 32.25, "is_self_shot": false}
  spatial_check: {"best_idx": "s0_dealer", "assigned_target": "dealer"}
  final_target: {"actual_target_id": "ce7ff01a", "target_name": "DEALER", "is_self_shot": false}
------------------------------------------------------------
[2026-08-13 16:34:22.125] [SHOT_PROCESSED]
  incoming_angle: 236.1
  incoming_pitch: 33.1
  game_mode: story_one_round
  game_phase: player_turn
  current_shooter: {"id": "8a65a5cc", "name": "123", "number": 1}
  shooter_s_idx: 0
  all_participants: [{"id": "8a65a5cc", "name": "123"}, {"id": "ce7ff01a", "name": "DEALER"}]
  compass_calibration_state: {"s0_dealer": {"angle": 275.9, "target_id": "dealer", "pitch": -11.3}, "s0_self": {"angle": 147.9, "target_id": "self", "pitch": 43.0}, "s1_player_1": {"angle": 176.3, "target_id": "player_1", "pitch": -7.9}, "s1_self": {"angle": 321.6, "target_id": "self", "pitch": 27.2}}
  self_check: {"self_pitch_threshold": 32.25, "is_self_shot": true}
  spatial_check: {"best_idx": 0, "assigned_target": "self"}
  final_target: {"actual_target_id": "8a65a5cc", "target_name": "123 (В СЕБЯ 🎯)", "is_self_shot": true}
------------------------------------------------------------
[2026-08-13 16:34:24.863] [SHOT_PROCESSED]
  incoming_angle: 237.9
  incoming_pitch: 53.3
  game_mode: story_one_round
  game_phase: player_turn
  current_shooter: {"id": "8a65a5cc", "name": "123", "number": 1}
  shooter_s_idx: 0
  all_participants: [{"id": "8a65a5cc", "name": "123"}, {"id": "ce7ff01a", "name": "DEALER"}]
  compass_calibration_state: {"s0_dealer": {"angle": 275.9, "target_id": "dealer", "pitch": -11.3}, "s0_self": {"angle": 147.9, "target_id": "self", "pitch": 43.0}, "s1_player_1": {"angle": 176.3, "target_id": "player_1", "pitch": -7.9}, "s1_self": {"angle": 321.6, "target_id": "self", "pitch": 27.2}}
  self_check: {"self_pitch_threshold": 32.25, "is_self_shot": true}
  spatial_check: {"best_idx": 0, "assigned_target": "self"}
  final_target: {"actual_target_id": "8a65a5cc", "target_name": "123 (В СЕБЯ 🎯)", "is_self_shot": true}
------------------------------------------------------------
[2026-08-13 16:34:29.233] [SHOT_PROCESSED]
  incoming_angle: 235.5
  incoming_pitch: 60.0
  game_mode: story_one_round
  game_phase: dealer_items
  current_shooter: None
  shooter_s_idx: 0
  all_participants: [{"id": "8a65a5cc", "name": "123"}, {"id": "ce7ff01a", "name": "DEALER"}]
  compass_calibration_state: {"s0_dealer": {"angle": 275.9, "target_id": "dealer", "pitch": -11.3}, "s0_self": {"angle": 147.9, "target_id": "self", "pitch": 43.0}, "s1_player_1": {"angle": 176.3, "target_id": "player_1", "pitch": -7.9}, "s1_self": {"angle": 321.6, "target_id": "self", "pitch": 27.2}}
  self_check: {"self_pitch_threshold": 32.25, "is_self_shot": false}
  spatial_check: {"best_idx": "s0_dealer", "assigned_target": "dealer"}
  final_target: {"actual_target_id": "ce7ff01a", "target_name": "DEALER", "is_self_shot": false}
------------------------------------------------------------
[2026-08-13 16:34:39.397] [SHOT_PROCESSED]
  incoming_angle: 316.4
  incoming_pitch: -8.6
  game_mode: story_one_round
  game_phase: player_turn
  current_shooter: {"id": "8a65a5cc", "name": "123", "number": 1}
  shooter_s_idx: 0
  all_participants: [{"id": "8a65a5cc", "name": "123"}, {"id": "ce7ff01a", "name": "DEALER"}]
  compass_calibration_state: {"s0_dealer": {"angle": 275.9, "target_id": "dealer", "pitch": -11.3}, "s0_self": {"angle": 147.9, "target_id": "self", "pitch": 43.0}, "s1_player_1": {"angle": 176.3, "target_id": "player_1", "pitch": -7.9}, "s1_self": {"angle": 321.6, "target_id": "self", "pitch": 27.2}}
  self_check: {"self_pitch_threshold": 32.25, "is_self_shot": false}
  spatial_check: {"best_idx": "s0_dealer", "assigned_target": "dealer"}
  final_target: {"actual_target_id": "ce7ff01a", "target_name": "DEALER", "is_self_shot": false}
------------------------------------------------------------
[2026-08-13 16:34:53.390] [SHOT_PROCESSED]
  incoming_angle: 194.6
  incoming_pitch: 55.7
  game_mode: story_one_round
  game_phase: player_turn
  current_shooter: {"id": "3c874474", "name": "123", "number": 1}
  shooter_s_idx: 0
  all_participants: [{"id": "3c874474", "name": "123"}, {"id": "17138440", "name": "DEALER"}]
  compass_calibration_state: {"s0_dealer": {"angle": 275.9, "target_id": "dealer", "pitch": -11.3}, "s0_self": {"angle": 147.9, "target_id": "self", "pitch": 43.0}, "s1_player_1": {"angle": 176.3, "target_id": "player_1", "pitch": -7.9}, "s1_self": {"angle": 321.6, "target_id": "self", "pitch": 27.2}}
  self_check: {"self_pitch_threshold": 32.25, "is_self_shot": true}
  spatial_check: {"best_idx": 0, "assigned_target": "self"}
  final_target: {"actual_target_id": "3c874474", "target_name": "123 (В СЕБЯ 🎯)", "is_self_shot": true}
------------------------------------------------------------
[2026-08-13 16:34:55.795] [SHOT_PROCESSED]
  incoming_angle: 202.6
  incoming_pitch: 55.8
  game_mode: story_one_round
  game_phase: player_turn
  current_shooter: {"id": "3c874474", "name": "123", "number": 1}
  shooter_s_idx: 0
  all_participants: [{"id": "3c874474", "name": "123"}, {"id": "17138440", "name": "DEALER"}]
  compass_calibration_state: {"s0_dealer": {"angle": 275.9, "target_id": "dealer", "pitch": -11.3}, "s0_self": {"angle": 147.9, "target_id": "self", "pitch": 43.0}, "s1_player_1": {"angle": 176.3, "target_id": "player_1", "pitch": -7.9}, "s1_self": {"angle": 321.6, "target_id": "self", "pitch": 27.2}}
  self_check: {"self_pitch_threshold": 32.25, "is_self_shot": true}
  spatial_check: {"best_idx": 0, "assigned_target": "self"}
  final_target: {"actual_target_id": "3c874474", "target_name": "123 (В СЕБЯ 🎯)", "is_self_shot": true}
------------------------------------------------------------
[2026-08-13 16:34:59.211] [SHOT_PROCESSED]
  incoming_angle: 194.2
  incoming_pitch: 9.5
  game_mode: story_one_round
  game_phase: player_turn
  current_shooter: {"id": "3c874474", "name": "123", "number": 1}
  shooter_s_idx: 0
  all_participants: [{"id": "3c874474", "name": "123"}, {"id": "17138440", "name": "DEALER"}]
  compass_calibration_state: {"s0_dealer": {"angle": 275.9, "target_id": "dealer", "pitch": -11.3}, "s0_self": {"angle": 147.9, "target_id": "self", "pitch": 43.0}, "s1_player_1": {"angle": 176.3, "target_id": "player_1", "pitch": -7.9}, "s1_self": {"angle": 321.6, "target_id": "self", "pitch": 27.2}}
  self_check: {"self_pitch_threshold": 32.25, "is_self_shot": true}
  spatial_check: {"best_idx": "s0_self", "assigned_target": "self"}
  final_target: {"actual_target_id": "3c874474", "target_name": "123 (В СЕБЯ 🎯)", "is_self_shot": true}
------------------------------------------------------------
[2026-08-13 16:35:05.321] [SHOT_PROCESSED]
  incoming_angle: 314.0
  incoming_pitch: -9.5
  game_mode: story_one_round
  game_phase: player_turn
  current_shooter: {"id": "3c874474", "name": "123", "number": 1}
  shooter_s_idx: 0
  all_participants: [{"id": "3c874474", "name": "123"}, {"id": "17138440", "name": "DEALER"}]
  compass_calibration_state: {"s0_dealer": {"angle": 275.9, "target_id": "dealer", "pitch": -11.3}, "s0_self": {"angle": 147.9, "target_id": "self", "pitch": 43.0}, "s1_player_1": {"angle": 176.3, "target_id": "player_1", "pitch": -7.9}, "s1_self": {"angle": 321.6, "target_id": "self", "pitch": 27.2}}
  self_check: {"self_pitch_threshold": 32.25, "is_self_shot": false}
  spatial_check: {"best_idx": "s0_dealer", "assigned_target": "dealer"}
  final_target: {"actual_target_id": "17138440", "target_name": "DEALER", "is_self_shot": false}
------------------------------------------------------------
[2026-08-13 16:35:08.285] [SHOT_PROCESSED]
  incoming_angle: 328.7
  incoming_pitch: 39.9
  game_mode: story_one_round
  game_phase: player_turn
  current_shooter: {"id": "17138440", "name": "DEALER", "number": 2}
  shooter_s_idx: 1
  all_participants: [{"id": "3c874474", "name": "123"}, {"id": "17138440", "name": "DEALER"}]
  compass_calibration_state: {"s0_dealer": {"angle": 275.9, "target_id": "dealer", "pitch": -11.3}, "s0_self": {"angle": 147.9, "target_id": "self", "pitch": 43.0}, "s1_player_1": {"angle": 176.3, "target_id": "player_1", "pitch": -7.9}, "s1_self": {"angle": 321.6, "target_id": "self", "pitch": 27.2}}
  self_check: {"self_pitch_threshold": 24.0, "is_self_shot": true}
  spatial_check: {"best_idx": 0, "assigned_target": "self"}
  final_target: {"actual_target_id": "17138440", "target_name": "DEALER (В СЕБЯ 🎯)", "is_self_shot": true}
------------------------------------------------------------
[2026-08-13 16:35:18.748] [SHOT_PROCESSED]
  incoming_angle: 325.3
  incoming_pitch: 52.9
  game_mode: story_one_round
  game_phase: player_turn
  current_shooter: {"id": "17138440", "name": "DEALER", "number": 2}
  shooter_s_idx: 1
  all_participants: [{"id": "3c874474", "name": "123"}, {"id": "17138440", "name": "DEALER"}]
  compass_calibration_state: {"s0_dealer": {"angle": 275.9, "target_id": "dealer", "pitch": -11.3}, "s0_self": {"angle": 147.9, "target_id": "self", "pitch": 43.0}, "s1_player_1": {"angle": 176.3, "target_id": "player_1", "pitch": -7.9}, "s1_self": {"angle": 321.6, "target_id": "self", "pitch": 27.2}}
  self_check: {"self_pitch_threshold": 24.0, "is_self_shot": true}
  spatial_check: {"best_idx": 0, "assigned_target": "self"}
  final_target: {"actual_target_id": "17138440", "target_name": "DEALER (В СЕБЯ 🎯)", "is_self_shot": true}
------------------------------------------------------------
[2026-08-13 16:35:24.506] [SHOT_PROCESSED]
  incoming_angle: 178.2
  incoming_pitch: 35.8
  game_mode: story_one_round
  game_phase: player_turn
  current_shooter: {"id": "3c874474", "name": "123", "number": 1}
  shooter_s_idx: 0
  all_participants: [{"id": "3c874474", "name": "123"}, {"id": "17138440", "name": "DEALER"}]
  compass_calibration_state: {"s0_dealer": {"angle": 275.9, "target_id": "dealer", "pitch": -11.3}, "s0_self": {"angle": 147.9, "target_id": "self", "pitch": 43.0}, "s1_player_1": {"angle": 176.3, "target_id": "player_1", "pitch": -7.9}, "s1_self": {"angle": 321.6, "target_id": "self", "pitch": 27.2}}
  self_check: {"self_pitch_threshold": 32.25, "is_self_shot": true}
  spatial_check: {"best_idx": 0, "assigned_target": "self"}
  final_target: {"actual_target_id": "3c874474", "target_name": "123 (В СЕБЯ 🎯)", "is_self_shot": true}
------------------------------------------------------------
[2026-08-13 16:36:32.505] [CALIBRATION_STARTED]
  game_mode: story_one_round
  participants: [["player_1", "Игрок 1"], ["dealer", "Дилер"]]
  queue_length: 4
  queue: [{"key": "s0_dealer", "shooter_idx": 0, "shooter_name": "Игрок 1", "target_id": "dealer", "target_name": "Дилер", "prompt": "🎯 Игрок 1 ➔ Наведите на Дилер"}, {"key": "s0_self", "shooter_idx": 0, "shooter_name": "Игрок 1", "target_id": "self", "target_name": "В СЕБЯ", "prompt": "🎯 Игрок 1 ➔ В СЕБЯ (наведите на себя — горизонтально или вверх)"}, {"key": "s1_player_1", "shooter_idx": 1, "shooter_name": "Дилер", "target_id": "player_1", "target_name": "Игрок 1", "prompt": "🎯 Дилер ➔ Наведите на Игрок 1"}, {"key": "s1_self", "shooter_idx": 1, "shooter_name": "Дилер", "target_id": "self", "target_name": "В СЕБЯ", "prompt": "🎯 Дилер ➔ В СЕБЯ (наведите на себя — горизонтально или вверх)"}]
------------------------------------------------------------
[2026-08-13 16:36:39.470] [CALIBRATION_STEP_SAVED]
  step_key: s0_dealer
  target_name: Дилер
  default_target: dealer
  angle: 6.4
  pitch: -18.8
  remaining_queue_len: 3
  compass_calibration_database: {"s0_dealer": {"angle": 6.4, "target_id": "dealer", "pitch": -18.8}}
------------------------------------------------------------
[2026-08-13 16:36:42.748] [CALIBRATION_STEP_SAVED]
  step_key: s0_self
  target_name: В СЕБЯ
  default_target: self
  angle: 200.5
  pitch: 40.4
  remaining_queue_len: 2
  compass_calibration_database: {"s0_dealer": {"angle": 6.4, "target_id": "dealer", "pitch": -18.8}, "s0_self": {"angle": 200.5, "target_id": "self", "pitch": 40.4}}
------------------------------------------------------------
[2026-08-13 16:36:45.968] [CALIBRATION_STEP_SAVED]
  step_key: s1_player_1
  target_name: Игрок 1
  default_target: player_1
  angle: 205.7
  pitch: -13.2
  remaining_queue_len: 1
  compass_calibration_database: {"s0_dealer": {"angle": 6.4, "target_id": "dealer", "pitch": -18.8}, "s0_self": {"angle": 200.5, "target_id": "self", "pitch": 40.4}, "s1_player_1": {"angle": 205.7, "target_id": "player_1", "pitch": -13.2}}
------------------------------------------------------------
[2026-08-13 16:36:49.517] [CALIBRATION_STEP_SAVED]
  step_key: s1_self
  target_name: В СЕБЯ
  default_target: self
  angle: 344.4
  pitch: 35.1
  remaining_queue_len: 0
  compass_calibration_database: {"s0_dealer": {"angle": 6.4, "target_id": "dealer", "pitch": -18.8}, "s0_self": {"angle": 200.5, "target_id": "self", "pitch": 40.4}, "s1_player_1": {"angle": 205.7, "target_id": "player_1", "pitch": -13.2}, "s1_self": {"angle": 344.4, "target_id": "self", "pitch": 35.1}}
------------------------------------------------------------
[2026-08-13 16:37:01.145] [SHOT_PROCESSED]
  incoming_angle: 359.6
  incoming_pitch: -14.0
  game_mode: story_one_round
  game_phase: player_turn
  current_shooter: {"id": "1d8257df", "name": "123", "number": 1}
  shooter_s_idx: 0
  all_participants: [{"id": "1d8257df", "name": "123"}, {"id": "e820a86e", "name": "DEALER"}]
  compass_calibration_state: {"s0_dealer": {"angle": 6.4, "target_id": "dealer", "pitch": -18.8}, "s0_self": {"angle": 200.5, "target_id": "self", "pitch": 40.4}, "s1_player_1": {"angle": 205.7, "target_id": "player_1", "pitch": -13.2}, "s1_self": {"angle": 344.4, "target_id": "self", "pitch": 35.1}}
  self_check: {"self_pitch_threshold": 30.299999999999997, "is_self_shot": false}
  spatial_check: {"best_idx": "s0_dealer", "assigned_target": "dealer"}
  final_target: {"actual_target_id": "e820a86e", "target_name": "DEALER", "is_self_shot": false}
------------------------------------------------------------
[2026-08-13 16:37:08.183] [SHOT_PROCESSED]
  incoming_angle: 359.2
  incoming_pitch: -15.1
  game_mode: story_one_round
  game_phase: player_turn
  current_shooter: {"id": "e820a86e", "name": "DEALER", "number": 2}
  shooter_s_idx: 1
  all_participants: [{"id": "1d8257df", "name": "123"}, {"id": "e820a86e", "name": "DEALER"}]
  compass_calibration_state: {"s0_dealer": {"angle": 6.4, "target_id": "dealer", "pitch": -18.8}, "s0_self": {"angle": 200.5, "target_id": "self", "pitch": 40.4}, "s1_player_1": {"angle": 205.7, "target_id": "player_1", "pitch": -13.2}, "s1_self": {"angle": 344.4, "target_id": "self", "pitch": 35.1}}
  self_check: {"self_pitch_threshold": 26.325000000000003, "is_self_shot": true}
  spatial_check: {"best_idx": "s1_self", "assigned_target": "self"}
  final_target: {"actual_target_id": "e820a86e", "target_name": "DEALER (В СЕБЯ 🎯)", "is_self_shot": true}
------------------------------------------------------------
[2026-08-13 16:37:14.971] [SHOT_PROCESSED]
  incoming_angle: 351.6
  incoming_pitch: 47.4
  game_mode: story_one_round
  game_phase: player_turn
  current_shooter: {"id": "e820a86e", "name": "DEALER", "number": 2}
  shooter_s_idx: 1
  all_participants: [{"id": "1d8257df", "name": "123"}, {"id": "e820a86e", "name": "DEALER"}]
  compass_calibration_state: {"s0_dealer": {"angle": 6.4, "target_id": "dealer", "pitch": -18.8}, "s0_self": {"angle": 200.5, "target_id": "self", "pitch": 40.4}, "s1_player_1": {"angle": 205.7, "target_id": "player_1", "pitch": -13.2}, "s1_self": {"angle": 344.4, "target_id": "self", "pitch": 35.1}}
  self_check: {"self_pitch_threshold": 26.325000000000003, "is_self_shot": true}
  spatial_check: {"best_idx": 0, "assigned_target": "self"}
  final_target: {"actual_target_id": "e820a86e", "target_name": "DEALER (В СЕБЯ 🎯)", "is_self_shot": true}
------------------------------------------------------------
[2026-08-13 16:37:23.749] [SHOT_PROCESSED]
  incoming_angle: 218.5
  incoming_pitch: 32.5
  game_mode: story_one_round
  game_phase: player_turn
  current_shooter: {"id": "1d8257df", "name": "123", "number": 1}
  shooter_s_idx: 0
  all_participants: [{"id": "1d8257df", "name": "123"}, {"id": "e820a86e", "name": "DEALER"}]
  compass_calibration_state: {"s0_dealer": {"angle": 6.4, "target_id": "dealer", "pitch": -18.8}, "s0_self": {"angle": 200.5, "target_id": "self", "pitch": 40.4}, "s1_player_1": {"angle": 205.7, "target_id": "player_1", "pitch": -13.2}, "s1_self": {"angle": 344.4, "target_id": "self", "pitch": 35.1}}
  self_check: {"self_pitch_threshold": 30.299999999999997, "is_self_shot": true}
  spatial_check: {"best_idx": 0, "assigned_target": "self"}
  final_target: {"actual_target_id": "1d8257df", "target_name": "123 (В СЕБЯ 🎯)", "is_self_shot": true}
------------------------------------------------------------
[2026-08-13 16:37:27.993] [SHOT_PROCESSED]
  incoming_angle: 227.5
  incoming_pitch: -12.0
  game_mode: story_one_round
  game_phase: player_turn
  current_shooter: {"id": "1d8257df", "name": "123", "number": 1}
  shooter_s_idx: 0
  all_participants: [{"id": "1d8257df", "name": "123"}, {"id": "e820a86e", "name": "DEALER"}]
  compass_calibration_state: {"s0_dealer": {"angle": 6.4, "target_id": "dealer", "pitch": -18.8}, "s0_self": {"angle": 200.5, "target_id": "self", "pitch": 40.4}, "s1_player_1": {"angle": 205.7, "target_id": "player_1", "pitch": -13.2}, "s1_self": {"angle": 344.4, "target_id": "self", "pitch": 35.1}}
  self_check: {"self_pitch_threshold": 30.299999999999997, "is_self_shot": true}
  spatial_check: {"best_idx": "s0_self", "assigned_target": "self"}
  final_target: {"actual_target_id": "1d8257df", "target_name": "123 (В СЕБЯ 🎯)", "is_self_shot": true}
------------------------------------------------------------
[2026-08-13 16:37:34.048] [SHOT_PROCESSED]
  incoming_angle: 324.5
  incoming_pitch: 35.5
  game_mode: story_one_round
  game_phase: player_turn
  current_shooter: {"id": "1d8257df", "name": "123", "number": 1}
  shooter_s_idx: 0
  all_participants: [{"id": "1d8257df", "name": "123"}, {"id": "e820a86e", "name": "DEALER"}]
  compass_calibration_state: {"s0_dealer": {"angle": 6.4, "target_id": "dealer", "pitch": -18.8}, "s0_self": {"angle": 200.5, "target_id": "self", "pitch": 40.4}, "s1_player_1": {"angle": 205.7, "target_id": "player_1", "pitch": -13.2}, "s1_self": {"angle": 344.4, "target_id": "self", "pitch": 35.1}}
  self_check: {"self_pitch_threshold": 30.299999999999997, "is_self_shot": true}
  spatial_check: {"best_idx": 0, "assigned_target": "self"}
  final_target: {"actual_target_id": "1d8257df", "target_name": "123 (В СЕБЯ 🎯)", "is_self_shot": true}
------------------------------------------------------------
[2026-08-13 16:37:43.505] [SHOT_PROCESSED]
  incoming_angle: 251.0
  incoming_pitch: -4.8
  game_mode: story_one_round
  game_phase: player_turn
  current_shooter: {"id": "e820a86e", "name": "DEALER", "number": 2}
  shooter_s_idx: 1
  all_participants: [{"id": "1d8257df", "name": "123"}, {"id": "e820a86e", "name": "DEALER"}]
  compass_calibration_state: {"s0_dealer": {"angle": 6.4, "target_id": "dealer", "pitch": -18.8}, "s0_self": {"angle": 200.5, "target_id": "self", "pitch": 40.4}, "s1_player_1": {"angle": 205.7, "target_id": "player_1", "pitch": -13.2}, "s1_self": {"angle": 344.4, "target_id": "self", "pitch": 35.1}}
  self_check: {"self_pitch_threshold": 26.325000000000003, "is_self_shot": false}
  spatial_check: {"best_idx": "s1_player_1", "assigned_target": "player_1"}
  final_target: {"actual_target_id": "1d8257df", "target_name": "123", "is_self_shot": false}
------------------------------------------------------------
[2026-08-13 16:37:48.124] [SHOT_PROCESSED]
  incoming_angle: 252.0
  incoming_pitch: 41.5
  game_mode: story_one_round
  game_phase: player_turn
  current_shooter: {"id": "1d8257df", "name": "123", "number": 1}
  shooter_s_idx: 0
  all_participants: [{"id": "1d8257df", "name": "123"}, {"id": "e820a86e", "name": "DEALER"}]
  compass_calibration_state: {"s0_dealer": {"angle": 6.4, "target_id": "dealer", "pitch": -18.8}, "s0_self": {"angle": 200.5, "target_id": "self", "pitch": 40.4}, "s1_player_1": {"angle": 205.7, "target_id": "player_1", "pitch": -13.2}, "s1_self": {"angle": 344.4, "target_id": "self", "pitch": 35.1}}
  self_check: {"self_pitch_threshold": 30.299999999999997, "is_self_shot": true}
  spatial_check: {"best_idx": 0, "assigned_target": "self"}
  final_target: {"actual_target_id": "1d8257df", "target_name": "123 (В СЕБЯ 🎯)", "is_self_shot": true}
------------------------------------------------------------
[2026-08-13 16:37:51.773] [SHOT_PROCESSED]
  incoming_angle: 54.1
  incoming_pitch: -13.3
  game_mode: story_one_round
  game_phase: player_turn
  current_shooter: {"id": "1d8257df", "name": "123", "number": 1}
  shooter_s_idx: 0
  all_participants: [{"id": "1d8257df", "name": "123"}, {"id": "e820a86e", "name": "DEALER"}]
  compass_calibration_state: {"s0_dealer": {"angle": 6.4, "target_id": "dealer", "pitch": -18.8}, "s0_self": {"angle": 200.5, "target_id": "self", "pitch": 40.4}, "s1_player_1": {"angle": 205.7, "target_id": "player_1", "pitch": -13.2}, "s1_self": {"angle": 344.4, "target_id": "self", "pitch": 35.1}}
  self_check: {"self_pitch_threshold": 30.299999999999997, "is_self_shot": false}
  spatial_check: {"best_idx": "s0_dealer", "assigned_target": "dealer"}
  final_target: {"actual_target_id": "e820a86e", "target_name": "DEALER", "is_self_shot": false}
------------------------------------------------------------
[2026-08-13 16:37:55.072] [SHOT_PROCESSED]
  incoming_angle: 334.2
  incoming_pitch: 23.7
  game_mode: story_one_round
  game_phase: player_turn
  current_shooter: {"id": "e820a86e", "name": "DEALER", "number": 2}
  shooter_s_idx: 1
  all_participants: [{"id": "1d8257df", "name": "123"}, {"id": "e820a86e", "name": "DEALER"}]
  compass_calibration_state: {"s0_dealer": {"angle": 6.4, "target_id": "dealer", "pitch": -18.8}, "s0_self": {"angle": 200.5, "target_id": "self", "pitch": 40.4}, "s1_player_1": {"angle": 205.7, "target_id": "player_1", "pitch": -13.2}, "s1_self": {"angle": 344.4, "target_id": "self", "pitch": 35.1}}
  self_check: {"self_pitch_threshold": 26.325000000000003, "is_self_shot": true}
  spatial_check: {"best_idx": "s1_self", "assigned_target": "self"}
  final_target: {"actual_target_id": "e820a86e", "target_name": "DEALER (В СЕБЯ 🎯)", "is_self_shot": true}
------------------------------------------------------------
[2026-08-13 16:37:57.986] [SHOT_PROCESSED]
  incoming_angle: 180.5
  incoming_pitch: -12.2
  game_mode: story_one_round
  game_phase: player_turn
  current_shooter: {"id": "e820a86e", "name": "DEALER", "number": 2}
  shooter_s_idx: 1
  all_participants: [{"id": "1d8257df", "name": "123"}, {"id": "e820a86e", "name": "DEALER"}]
  compass_calibration_state: {"s0_dealer": {"angle": 6.4, "target_id": "dealer", "pitch": -18.8}, "s0_self": {"angle": 200.5, "target_id": "self", "pitch": 40.4}, "s1_player_1": {"angle": 205.7, "target_id": "player_1", "pitch": -13.2}, "s1_self": {"angle": 344.4, "target_id": "self", "pitch": 35.1}}
  self_check: {"self_pitch_threshold": 26.325000000000003, "is_self_shot": false}
  spatial_check: {"best_idx": "s1_player_1", "assigned_target": "player_1"}
  final_target: {"actual_target_id": "1d8257df", "target_name": "123", "is_self_shot": false}
------------------------------------------------------------
[2026-08-13 16:38:06.550] [SHOT_PROCESSED]
  incoming_angle: 275.1
  incoming_pitch: -8.9
  game_mode: story_one_round
  game_phase: player_turn
  current_shooter: {"id": "1d8257df", "name": "123", "number": 1}
  shooter_s_idx: 0
  all_participants: [{"id": "1d8257df", "name": "123"}, {"id": "e820a86e", "name": "DEALER"}]
  compass_calibration_state: {"s0_dealer": {"angle": 6.4, "target_id": "dealer", "pitch": -18.8}, "s0_self": {"angle": 200.5, "target_id": "self", "pitch": 40.4}, "s1_player_1": {"angle": 205.7, "target_id": "player_1", "pitch": -13.2}, "s1_self": {"angle": 344.4, "target_id": "self", "pitch": 35.1}}
  self_check: {"self_pitch_threshold": 30.299999999999997, "is_self_shot": true}
  spatial_check: {"best_idx": "s0_self", "assigned_target": "self"}
  final_target: {"actual_target_id": "1d8257df", "target_name": "123 (В СЕБЯ 🎯)", "is_self_shot": true}
------------------------------------------------------------
[2026-08-13 16:38:19.997] [SHOT_PROCESSED]
  incoming_angle: 221.2
  incoming_pitch: -18.0
  game_mode: story_one_round
  game_phase: player_turn
  current_shooter: {"id": "1d8257df", "name": "123", "number": 1}
  shooter_s_idx: 0
  all_participants: [{"id": "1d8257df", "name": "123"}, {"id": "e820a86e", "name": "DEALER"}]
  compass_calibration_state: {"s0_dealer": {"angle": 6.4, "target_id": "dealer", "pitch": -18.8}, "s0_self": {"angle": 200.5, "target_id": "self", "pitch": 40.4}, "s1_player_1": {"angle": 205.7, "target_id": "player_1", "pitch": -13.2}, "s1_self": {"angle": 344.4, "target_id": "self", "pitch": 35.1}}
  self_check: {"self_pitch_threshold": 30.299999999999997, "is_self_shot": true}
  spatial_check: {"best_idx": "s0_self", "assigned_target": "self"}
  final_target: {"actual_target_id": "1d8257df", "target_name": "123 (В СЕБЯ 🎯)", "is_self_shot": true}
------------------------------------------------------------
[2026-08-13 16:38:26.924] [SHOT_PROCESSED]
  incoming_angle: 218.0
  incoming_pitch: -14.2
  game_mode: story_one_round
  game_phase: player_turn
  current_shooter: {"id": "1d8257df", "name": "123", "number": 1}
  shooter_s_idx: 0
  all_participants: [{"id": "1d8257df", "name": "123"}, {"id": "e820a86e", "name": "DEALER"}]
  compass_calibration_state: {"s0_dealer": {"angle": 6.4, "target_id": "dealer", "pitch": -18.8}, "s0_self": {"angle": 200.5, "target_id": "self", "pitch": 40.4}, "s1_player_1": {"angle": 205.7, "target_id": "player_1", "pitch": -13.2}, "s1_self": {"angle": 344.4, "target_id": "self", "pitch": 35.1}}
  self_check: {"self_pitch_threshold": 30.299999999999997, "is_self_shot": true}
  spatial_check: {"best_idx": "s0_self", "assigned_target": "self"}
  final_target: {"actual_target_id": "1d8257df", "target_name": "123 (В СЕБЯ 🎯)", "is_self_shot": true}
------------------------------------------------------------
[2026-08-13 16:38:33.794] [SHOT_PROCESSED]
  incoming_angle: 34.0
  incoming_pitch: -11.7
  game_mode: story_one_round
  game_phase: player_turn
  current_shooter: {"id": "1d8257df", "name": "123", "number": 1}
  shooter_s_idx: 0
  all_participants: [{"id": "1d8257df", "name": "123"}, {"id": "e820a86e", "name": "DEALER"}]
  compass_calibration_state: {"s0_dealer": {"angle": 6.4, "target_id": "dealer", "pitch": -18.8}, "s0_self": {"angle": 200.5, "target_id": "self", "pitch": 40.4}, "s1_player_1": {"angle": 205.7, "target_id": "player_1", "pitch": -13.2}, "s1_self": {"angle": 344.4, "target_id": "self", "pitch": 35.1}}
  self_check: {"self_pitch_threshold": 30.299999999999997, "is_self_shot": false}
  spatial_check: {"best_idx": "s0_dealer", "assigned_target": "dealer"}
  final_target: {"actual_target_id": "e820a86e", "target_name": "DEALER", "is_self_shot": false}
------------------------------------------------------------
[2026-08-13 16:38:42.773] [SHOT_PROCESSED]
  incoming_angle: 167.2
  incoming_pitch: -7.0
  game_mode: story_one_round
  game_phase: player_turn
  current_shooter: {"id": "1d8257df", "name": "123", "number": 1}
  shooter_s_idx: 0
  all_participants: [{"id": "1d8257df", "name": "123"}, {"id": "e820a86e", "name": "DEALER"}]
  compass_calibration_state: {"s0_dealer": {"angle": 6.4, "target_id": "dealer", "pitch": -18.8}, "s0_self": {"angle": 200.5, "target_id": "self", "pitch": 40.4}, "s1_player_1": {"angle": 205.7, "target_id": "player_1", "pitch": -13.2}, "s1_self": {"angle": 344.4, "target_id": "self", "pitch": 35.1}}
  self_check: {"self_pitch_threshold": 30.299999999999997, "is_self_shot": true}
  spatial_check: {"best_idx": "s0_self", "assigned_target": "self"}
  final_target: {"actual_target_id": "1d8257df", "target_name": "123 (В СЕБЯ 🎯)", "is_self_shot": true}
------------------------------------------------------------
[2026-08-13 16:38:48.770] [SHOT_PROCESSED]
  incoming_angle: 142.0
  incoming_pitch: 50.5
  game_mode: story_one_round
  game_phase: player_turn
  current_shooter: {"id": "1d8257df", "name": "123", "number": 1}
  shooter_s_idx: 0
  all_participants: [{"id": "1d8257df", "name": "123"}, {"id": "e820a86e", "name": "DEALER"}]
  compass_calibration_state: {"s0_dealer": {"angle": 6.4, "target_id": "dealer", "pitch": -18.8}, "s0_self": {"angle": 200.5, "target_id": "self", "pitch": 40.4}, "s1_player_1": {"angle": 205.7, "target_id": "player_1", "pitch": -13.2}, "s1_self": {"angle": 344.4, "target_id": "self", "pitch": 35.1}}
  self_check: {"self_pitch_threshold": 30.299999999999997, "is_self_shot": true}
  spatial_check: {"best_idx": 0, "assigned_target": "self"}
  final_target: {"actual_target_id": "1d8257df", "target_name": "123 (В СЕБЯ 🎯)", "is_self_shot": true}
------------------------------------------------------------
[2026-08-13 16:39:04.411] [SHOT_PROCESSED]
  incoming_angle: 62.6
  incoming_pitch: 52.1
  game_mode: story_one_round
  game_phase: lobby
  current_shooter: None
  shooter_s_idx: 0
  all_participants: []
  compass_calibration_state: {"s0_dealer": {"angle": 6.4, "target_id": "dealer", "pitch": -18.8}, "s0_self": {"angle": 200.5, "target_id": "self", "pitch": 40.4}, "s1_player_1": {"angle": 205.7, "target_id": "player_1", "pitch": -13.2}, "s1_self": {"angle": 344.4, "target_id": "self", "pitch": 35.1}}
  self_check: {"self_pitch_threshold": 30.299999999999997, "is_self_shot": false}
  spatial_check: {"best_idx": "s0_dealer", "assigned_target": "dealer"}
  final_target: {"actual_target_id": null, "target_name": "Неизвестно", "is_self_shot": false}
------------------------------------------------------------
[2026-08-13 16:39:08.800] [SHOT_PROCESSED]
  incoming_angle: 54.9
  incoming_pitch: -67.4
  game_mode: story_one_round
  game_phase: lobby
  current_shooter: None
  shooter_s_idx: 0
  all_participants: []
  compass_calibration_state: {"s0_dealer": {"angle": 6.4, "target_id": "dealer", "pitch": -18.8}, "s0_self": {"angle": 200.5, "target_id": "self", "pitch": 40.4}, "s1_player_1": {"angle": 205.7, "target_id": "player_1", "pitch": -13.2}, "s1_self": {"angle": 344.4, "target_id": "self", "pitch": 35.1}}
  self_check: {"self_pitch_threshold": 30.299999999999997, "is_self_shot": false}
  spatial_check: {"best_idx": "s0_dealer", "assigned_target": "dealer"}
  final_target: {"actual_target_id": null, "target_name": "Неизвестно", "is_self_shot": false}
------------------------------------------------------------
[2026-08-13 16:41:01.138] [SHOT_PROCESSED]
  incoming_angle: 81.2
  incoming_pitch: 81.3
  game_mode: story_one_round
  game_phase: lobby
  current_shooter: None
  shooter_s_idx: 0
  all_participants: []
  compass_calibration_state: {"s0_dealer": {"angle": 6.4, "target_id": "dealer", "pitch": -18.8}, "s0_self": {"angle": 200.5, "target_id": "self", "pitch": 40.4}, "s1_player_1": {"angle": 205.7, "target_id": "player_1", "pitch": -13.2}, "s1_self": {"angle": 344.4, "target_id": "self", "pitch": 35.1}}
  self_check: {"self_pitch_threshold": 30.299999999999997, "is_self_shot": false}
  spatial_check: {"best_idx": "s0_dealer", "assigned_target": "dealer"}
  final_target: {"actual_target_id": null, "target_name": "Неизвестно", "is_self_shot": false}
------------------------------------------------------------
[2026-08-13 16:41:03.086] [SHOT_PROCESSED]
  incoming_angle: 82.0
  incoming_pitch: 80.6
  game_mode: story_one_round
  game_phase: lobby
  current_shooter: None
  shooter_s_idx: 0
  all_participants: []
  compass_calibration_state: {"s0_dealer": {"angle": 6.4, "target_id": "dealer", "pitch": -18.8}, "s0_self": {"angle": 200.5, "target_id": "self", "pitch": 40.4}, "s1_player_1": {"angle": 205.7, "target_id": "player_1", "pitch": -13.2}, "s1_self": {"angle": 344.4, "target_id": "self", "pitch": 35.1}}
  self_check: {"self_pitch_threshold": 30.299999999999997, "is_self_shot": false}
  spatial_check: {"best_idx": "s0_dealer", "assigned_target": "dealer"}
  final_target: {"actual_target_id": null, "target_name": "Неизвестно", "is_self_shot": false}
------------------------------------------------------------
[2026-08-13 16:52:49.231] [CALIBRATION_STARTED]
  game_mode: story_one_round
  participants: [["player_1", "123 (# 1)"], ["dealer", "Дилер"]]
  queue_length: 4
  queue: [{"key": "s0_dealer", "shooter_idx": 0, "shooter_name": "123 (# 1)", "target_id": "dealer", "target_name": "Дилер", "prompt": "🎯 123 (# 1) ➔ Наведите на Дилер"}, {"key": "s0_self", "shooter_idx": 0, "shooter_name": "123 (# 1)", "target_id": "self", "target_name": "В СЕБЯ", "prompt": "🎯 123 (# 1) ➔ В СЕБЯ (наведите на себя — горизонтально или вверх)"}, {"key": "s1_player_1", "shooter_idx": 1, "shooter_name": "Дилер", "target_id": "player_1", "target_name": "123 (# 1)", "prompt": "🎯 Дилер ➔ Наведите на 123 (# 1)"}, {"key": "s1_self", "shooter_idx": 1, "shooter_name": "Дилер", "target_id": "self", "target_name": "В СЕБЯ", "prompt": "🎯 Дилер ➔ В СЕБЯ (наведите на себя — горизонтально или вверх)"}]
------------------------------------------------------------
[2026-08-13 16:52:59.901] [CALIBRATION_STEP_SAVED]
  step_key: s0_dealer
  target_name: Дилер
  default_target: dealer
  angle: 78.9
  pitch: 10.0
  remaining_queue_len: 3
  compass_calibration_database: {"s0_dealer": {"angle": 78.9, "target_id": "dealer", "pitch": 10.0}}
------------------------------------------------------------
[2026-08-13 16:53:03.741] [CALIBRATION_STARTED]
  game_mode: story_one_round
  participants: [["player_1", "123 (# 1)"], ["dealer", "Дилер"]]
  queue_length: 4
  queue: [{"key": "s0_dealer", "shooter_idx": 0, "shooter_name": "123 (# 1)", "target_id": "dealer", "target_name": "Дилер", "prompt": "🎯 123 (# 1) ➔ Наведите на Дилер"}, {"key": "s0_self", "shooter_idx": 0, "shooter_name": "123 (# 1)", "target_id": "self", "target_name": "В СЕБЯ", "prompt": "🎯 123 (# 1) ➔ В СЕБЯ (наведите на себя — горизонтально или вверх)"}, {"key": "s1_player_1", "shooter_idx": 1, "shooter_name": "Дилер", "target_id": "player_1", "target_name": "123 (# 1)", "prompt": "🎯 Дилер ➔ Наведите на 123 (# 1)"}, {"key": "s1_self", "shooter_idx": 1, "shooter_name": "Дилер", "target_id": "self", "target_name": "В СЕБЯ", "prompt": "🎯 Дилер ➔ В СЕБЯ (наведите на себя — горизонтально или вверх)"}]
------------------------------------------------------------
[2026-08-13 16:53:06.680] [CALIBRATION_STEP_SAVED]
  step_key: s0_dealer
  target_name: Дилер
  default_target: dealer
  angle: 238.9
  pitch: -11.3
  remaining_queue_len: 3
  compass_calibration_database: {"s0_dealer": {"angle": 238.9, "target_id": "dealer", "pitch": -11.3}}
------------------------------------------------------------
[2026-08-13 16:53:09.422] [CALIBRATION_STEP_SAVED]
  step_key: s0_self
  target_name: В СЕБЯ
  default_target: self
  angle: 118.2
  pitch: 44.3
  remaining_queue_len: 2
  compass_calibration_database: {"s0_dealer": {"angle": 238.9, "target_id": "dealer", "pitch": -11.3}, "s0_self": {"angle": 118.2, "target_id": "self", "pitch": 44.3}}
------------------------------------------------------------
[2026-08-13 16:53:11.882] [CALIBRATION_STEP_SAVED]
  step_key: s1_player_1
  target_name: 123 (# 1)
  default_target: player_1
  angle: 171.3
  pitch: 6.9
  remaining_queue_len: 1
  compass_calibration_database: {"s0_dealer": {"angle": 238.9, "target_id": "dealer", "pitch": -11.3}, "s0_self": {"angle": 118.2, "target_id": "self", "pitch": 44.3}, "s1_player_1": {"angle": 171.3, "target_id": "player_1", "pitch": 6.9}}
------------------------------------------------------------
[2026-08-13 16:53:15.182] [CALIBRATION_STEP_SAVED]
  step_key: s1_self
  target_name: В СЕБЯ
  default_target: self
  angle: 320.5
  pitch: 30.4
  remaining_queue_len: 0
  compass_calibration_database: {"s0_dealer": {"angle": 238.9, "target_id": "dealer", "pitch": -11.3}, "s0_self": {"angle": 118.2, "target_id": "self", "pitch": 44.3}, "s1_player_1": {"angle": 171.3, "target_id": "player_1", "pitch": 6.9}, "s1_self": {"angle": 320.5, "target_id": "self", "pitch": 30.4}}
------------------------------------------------------------
[2026-08-13 16:53:26.205] [SHOT_PROCESSED]
  incoming_angle: 317.2
  incoming_pitch: -8.0
  game_mode: story_one_round
  game_phase: player_turn
  current_shooter: {"id": "de551919", "name": "123", "number": 1}
  shooter_s_idx: 0
  all_participants: [{"id": "de551919", "name": "123"}, {"id": "5244ee71", "name": "DEALER"}]
  compass_calibration_state: {"s0_dealer": {"angle": 238.9, "target_id": "dealer", "pitch": -11.3}, "s0_self": {"angle": 118.2, "target_id": "self", "pitch": 44.3}, "s1_player_1": {"angle": 171.3, "target_id": "player_1", "pitch": 6.9}, "s1_self": {"angle": 320.5, "target_id": "self", "pitch": 30.4}}
  self_check: {"self_pitch_threshold": 33.224999999999994, "is_self_shot": false}
  spatial_check: {"best_idx": "s0_dealer", "assigned_target": "dealer"}
  final_target: {"actual_target_id": "5244ee71", "target_name": "DEALER", "is_self_shot": false}
------------------------------------------------------------
[2026-08-13 16:53:46.214] [SHOT_PROCESSED]
  incoming_angle: 303.6
  incoming_pitch: 32.1
  game_mode: story_one_round
  game_phase: player_turn
  current_shooter: {"id": "5244ee71", "name": "DEALER", "number": 2}
  shooter_s_idx: 1
  all_participants: [{"id": "de551919", "name": "123"}, {"id": "5244ee71", "name": "DEALER"}]
  compass_calibration_state: {"s0_dealer": {"angle": 238.9, "target_id": "dealer", "pitch": -11.3}, "s0_self": {"angle": 118.2, "target_id": "self", "pitch": 44.3}, "s1_player_1": {"angle": 171.3, "target_id": "player_1", "pitch": 6.9}, "s1_self": {"angle": 320.5, "target_id": "self", "pitch": 30.4}}
  self_check: {"self_pitch_threshold": 24.0, "is_self_shot": true}
  spatial_check: {"best_idx": 0, "assigned_target": "self"}
  final_target: {"actual_target_id": "5244ee71", "target_name": "DEALER (В СЕБЯ 🎯)", "is_self_shot": true}
------------------------------------------------------------
[2026-08-13 16:53:49.110] [SHOT_PROCESSED]
  incoming_angle: 305.2
  incoming_pitch: 29.9
  game_mode: story_one_round
  game_phase: player_turn
  current_shooter: {"id": "5244ee71", "name": "DEALER", "number": 2}
  shooter_s_idx: 1
  all_participants: [{"id": "de551919", "name": "123"}, {"id": "5244ee71", "name": "DEALER"}]
  compass_calibration_state: {"s0_dealer": {"angle": 238.9, "target_id": "dealer", "pitch": -11.3}, "s0_self": {"angle": 118.2, "target_id": "self", "pitch": 44.3}, "s1_player_1": {"angle": 171.3, "target_id": "player_1", "pitch": 6.9}, "s1_self": {"angle": 320.5, "target_id": "self", "pitch": 30.4}}
  self_check: {"self_pitch_threshold": 24.0, "is_self_shot": true}
  spatial_check: {"best_idx": 0, "assigned_target": "self"}
  final_target: {"actual_target_id": "5244ee71", "target_name": "DEALER (В СЕБЯ 🎯)", "is_self_shot": true}
------------------------------------------------------------
[2026-08-13 16:53:53.629] [SHOT_PROCESSED]
  incoming_angle: 30.4
  incoming_pitch: -8.8
  game_mode: story_one_round
  game_phase: player_turn
  current_shooter: {"id": "5244ee71", "name": "DEALER", "number": 2}
  shooter_s_idx: 1
  all_participants: [{"id": "de551919", "name": "123"}, {"id": "5244ee71", "name": "DEALER"}]
  compass_calibration_state: {"s0_dealer": {"angle": 238.9, "target_id": "dealer", "pitch": -11.3}, "s0_self": {"angle": 118.2, "target_id": "self", "pitch": 44.3}, "s1_player_1": {"angle": 171.3, "target_id": "player_1", "pitch": 6.9}, "s1_self": {"angle": 320.5, "target_id": "self", "pitch": 30.4}}
  self_check: {"self_pitch_threshold": 24.0, "is_self_shot": true}
  spatial_check: {"best_idx": "s1_self", "assigned_target": "self"}
  final_target: {"actual_target_id": "5244ee71", "target_name": "DEALER (В СЕБЯ 🎯)", "is_self_shot": true}
------------------------------------------------------------
[2026-08-13 16:54:03.827] [SHOT_PROCESSED]
  incoming_angle: 119.1
  incoming_pitch: 7.9
  game_mode: story_one_round
  game_phase: player_turn
  current_shooter: {"id": "de551919", "name": "123", "number": 1}
  shooter_s_idx: 0
  all_participants: [{"id": "de551919", "name": "123"}, {"id": "5244ee71", "name": "DEALER"}]
  compass_calibration_state: {"s0_dealer": {"angle": 238.9, "target_id": "dealer", "pitch": -11.3}, "s0_self": {"angle": 118.2, "target_id": "self", "pitch": 44.3}, "s1_player_1": {"angle": 171.3, "target_id": "player_1", "pitch": 6.9}, "s1_self": {"angle": 320.5, "target_id": "self", "pitch": 30.4}}
  self_check: {"self_pitch_threshold": 33.224999999999994, "is_self_shot": true}
  spatial_check: {"best_idx": "s0_self", "assigned_target": "self"}
  final_target: {"actual_target_id": "de551919", "target_name": "123 (В СЕБЯ 🎯)", "is_self_shot": true}
------------------------------------------------------------
[2026-08-13 16:54:15.294] [SHOT_PROCESSED]
  incoming_angle: 60.2
  incoming_pitch: -13.7
  game_mode: story_one_round
  game_phase: player_turn
  current_shooter: {"id": "de551919", "name": "123", "number": 1}
  shooter_s_idx: 0
  all_participants: [{"id": "de551919", "name": "123"}, {"id": "5244ee71", "name": "DEALER"}]
  compass_calibration_state: {"s0_dealer": {"angle": 238.9, "target_id": "dealer", "pitch": -11.3}, "s0_self": {"angle": 118.2, "target_id": "self", "pitch": 44.3}, "s1_player_1": {"angle": 171.3, "target_id": "player_1", "pitch": 6.9}, "s1_self": {"angle": 320.5, "target_id": "self", "pitch": 30.4}}
  self_check: {"self_pitch_threshold": 33.224999999999994, "is_self_shot": true}
  spatial_check: {"best_idx": "s0_self", "assigned_target": "self"}
  final_target: {"actual_target_id": "de551919", "target_name": "123 (В СЕБЯ 🎯)", "is_self_shot": true}
------------------------------------------------------------
[2026-08-13 16:54:25.332] [SHOT_PROCESSED]
  incoming_angle: 70.2
  incoming_pitch: -11.6
  game_mode: story_one_round
  game_phase: player_turn
  current_shooter: {"id": "de551919", "name": "123", "number": 1}
  shooter_s_idx: 0
  all_participants: [{"id": "de551919", "name": "123"}, {"id": "5244ee71", "name": "DEALER"}]
  compass_calibration_state: {"s0_dealer": {"angle": 238.9, "target_id": "dealer", "pitch": -11.3}, "s0_self": {"angle": 118.2, "target_id": "self", "pitch": 44.3}, "s1_player_1": {"angle": 171.3, "target_id": "player_1", "pitch": 6.9}, "s1_self": {"angle": 320.5, "target_id": "self", "pitch": 30.4}}
  self_check: {"self_pitch_threshold": 33.224999999999994, "is_self_shot": true}
  spatial_check: {"best_idx": "s0_self", "assigned_target": "self"}
  final_target: {"actual_target_id": "de551919", "target_name": "123 (В СЕБЯ 🎯)", "is_self_shot": true}
------------------------------------------------------------
[2026-08-13 16:54:27.566] [SHOT_PROCESSED]
  incoming_angle: 70.2
  incoming_pitch: -11.6
  game_mode: story_one_round
  game_phase: player_turn
  current_shooter: {"id": "de551919", "name": "123", "number": 1}
  shooter_s_idx: 0
  all_participants: [{"id": "de551919", "name": "123"}, {"id": "5244ee71", "name": "DEALER"}]
  compass_calibration_state: {"s0_dealer": {"angle": 238.9, "target_id": "dealer", "pitch": -11.3}, "s0_self": {"angle": 118.2, "target_id": "self", "pitch": 44.3}, "s1_player_1": {"angle": 171.3, "target_id": "player_1", "pitch": 6.9}, "s1_self": {"angle": 320.5, "target_id": "self", "pitch": 30.4}}
  self_check: {"self_pitch_threshold": 33.224999999999994, "is_self_shot": true}
  spatial_check: {"best_idx": "s0_self", "assigned_target": "self"}
  final_target: {"actual_target_id": "de551919", "target_name": "123 (В СЕБЯ 🎯)", "is_self_shot": true}
------------------------------------------------------------
[2026-08-13 16:54:29.733] [SHOT_PROCESSED]
  incoming_angle: 304.1
  incoming_pitch: -6.8
  game_mode: story_one_round
  game_phase: player_turn
  current_shooter: {"id": "5244ee71", "name": "DEALER", "number": 2}
  shooter_s_idx: 1
  all_participants: [{"id": "de551919", "name": "123"}, {"id": "5244ee71", "name": "DEALER"}]
  compass_calibration_state: {"s0_dealer": {"angle": 238.9, "target_id": "dealer", "pitch": -11.3}, "s0_self": {"angle": 118.2, "target_id": "self", "pitch": 44.3}, "s1_player_1": {"angle": 171.3, "target_id": "player_1", "pitch": 6.9}, "s1_self": {"angle": 320.5, "target_id": "self", "pitch": 30.4}}
  self_check: {"self_pitch_threshold": 24.0, "is_self_shot": true}
  spatial_check: {"best_idx": "s1_self", "assigned_target": "self"}
  final_target: {"actual_target_id": "5244ee71", "target_name": "DEALER (В СЕБЯ 🎯)", "is_self_shot": true}
------------------------------------------------------------
[2026-08-13 16:54:34.074] [SHOT_PROCESSED]
  incoming_angle: 60.2
  incoming_pitch: -13.7
  game_mode: story_one_round
  game_phase: dealer_items
  current_shooter: None
  shooter_s_idx: 0
  all_participants: [{"id": "de551919", "name": "123"}, {"id": "5244ee71", "name": "DEALER"}]
  compass_calibration_state: {"s0_dealer": {"angle": 238.9, "target_id": "dealer", "pitch": -11.3}, "s0_self": {"angle": 118.2, "target_id": "self", "pitch": 44.3}, "s1_player_1": {"angle": 171.3, "target_id": "player_1", "pitch": 6.9}, "s1_self": {"angle": 320.5, "target_id": "self", "pitch": 30.4}}
  self_check: {"self_pitch_threshold": 33.224999999999994, "is_self_shot": true}
  spatial_check: {"best_idx": "s0_self", "assigned_target": "self"}
  final_target: {"actual_target_id": "de551919", "target_name": "123", "is_self_shot": true}
------------------------------------------------------------
[2026-08-13 16:54:37.319] [CALIBRATION_STARTED]
  game_mode: story_one_round
  participants: [["player_1", "123 (# 1)"], ["dealer", "DEALER"]]
  queue_length: 4
  queue: [{"key": "s0_dealer", "shooter_idx": 0, "shooter_name": "123 (# 1)", "target_id": "dealer", "target_name": "DEALER", "prompt": "🎯 123 (# 1) ➔ Наведите на DEALER"}, {"key": "s0_self", "shooter_idx": 0, "shooter_name": "123 (# 1)", "target_id": "self", "target_name": "В СЕБЯ", "prompt": "🎯 123 (# 1) ➔ В СЕБЯ (наведите на себя — горизонтально или вверх)"}, {"key": "s1_player_1", "shooter_idx": 1, "shooter_name": "DEALER", "target_id": "player_1", "target_name": "123 (# 1)", "prompt": "🎯 DEALER ➔ Наведите на 123 (# 1)"}, {"key": "s1_self", "shooter_idx": 1, "shooter_name": "DEALER", "target_id": "self", "target_name": "В СЕБЯ", "prompt": "🎯 DEALER ➔ В СЕБЯ (наведите на себя — горизонтально или вверх)"}]
------------------------------------------------------------
[2026-08-13 16:54:44.978] [CALIBRATION_STARTED]
  game_mode: story_one_round
  participants: [["player_1", "Игрок 1"], ["dealer", "Дилер"]]
  queue_length: 4
  queue: [{"key": "s0_dealer", "shooter_idx": 0, "shooter_name": "Игрок 1", "target_id": "dealer", "target_name": "Дилер", "prompt": "🎯 Игрок 1 ➔ Наведите на Дилер"}, {"key": "s0_self", "shooter_idx": 0, "shooter_name": "Игрок 1", "target_id": "self", "target_name": "В СЕБЯ", "prompt": "🎯 Игрок 1 ➔ В СЕБЯ (наведите на себя — горизонтально или вверх)"}, {"key": "s1_player_1", "shooter_idx": 1, "shooter_name": "Дилер", "target_id": "player_1", "target_name": "Игрок 1", "prompt": "🎯 Дилер ➔ Наведите на Игрок 1"}, {"key": "s1_self", "shooter_idx": 1, "shooter_name": "Дилер", "target_id": "self", "target_name": "В СЕБЯ", "prompt": "🎯 Дилер ➔ В СЕБЯ (наведите на себя — горизонтально или вверх)"}]
------------------------------------------------------------
[2026-08-13 16:54:48.417] [CALIBRATION_STEP_SAVED]
  step_key: s0_dealer
  target_name: Дилер
  default_target: dealer
  angle: 77.3
  pitch: -8.9
  remaining_queue_len: 3
  compass_calibration_database: {"s0_dealer": {"angle": 77.3, "target_id": "dealer", "pitch": -8.9}}
------------------------------------------------------------
[2026-08-13 16:54:52.016] [CALIBRATION_STEP_SAVED]
  step_key: s0_self
  target_name: В СЕБЯ
  default_target: self
  angle: 273.6
  pitch: 33.1
  remaining_queue_len: 2
  compass_calibration_database: {"s0_dealer": {"angle": 77.3, "target_id": "dealer", "pitch": -8.9}, "s0_self": {"angle": 273.6, "target_id": "self", "pitch": 33.1}}
------------------------------------------------------------
[2026-08-13 16:54:55.726] [CALIBRATION_STEP_SAVED]
  step_key: s1_player_1
  target_name: Игрок 1
  default_target: player_1
  angle: 85.6
  pitch: -9.4
  remaining_queue_len: 1
  compass_calibration_database: {"s0_dealer": {"angle": 77.3, "target_id": "dealer", "pitch": -8.9}, "s0_self": {"angle": 273.6, "target_id": "self", "pitch": 33.1}, "s1_player_1": {"angle": 85.6, "target_id": "player_1", "pitch": -9.4}}
------------------------------------------------------------
[2026-08-13 16:54:57.478] [CALIBRATION_STEP_SAVED]
  step_key: s1_self
  target_name: В СЕБЯ
  default_target: self
  angle: 97.1
  pitch: 44.4
  remaining_queue_len: 0
  compass_calibration_database: {"s0_dealer": {"angle": 77.3, "target_id": "dealer", "pitch": -8.9}, "s0_self": {"angle": 273.6, "target_id": "self", "pitch": 33.1}, "s1_player_1": {"angle": 85.6, "target_id": "player_1", "pitch": -9.4}, "s1_self": {"angle": 97.1, "target_id": "self", "pitch": 44.4}}
------------------------------------------------------------
[2026-08-13 16:55:05.623] [SHOT_PROCESSED]
  incoming_angle: 83.4
  incoming_pitch: -9.8
  game_mode: story_one_round
  game_phase: player_turn
  current_shooter: {"id": "83bcfa8f", "name": "123", "number": 1}
  shooter_s_idx: 0
  all_participants: [{"id": "83bcfa8f", "name": "123"}, {"id": "e604cc92", "name": "DEALER"}]
  compass_calibration_state: {"s0_dealer": {"angle": 77.3, "target_id": "dealer", "pitch": -8.9}, "s0_self": {"angle": 273.6, "target_id": "self", "pitch": 33.1}, "s1_player_1": {"angle": 85.6, "target_id": "player_1", "pitch": -9.4}, "s1_self": {"angle": 97.1, "target_id": "self", "pitch": 44.4}}
  self_check: {"self_pitch_threshold": 24.825000000000003, "is_self_shot": false}
  spatial_check: {"best_idx": "s0_dealer", "assigned_target": "dealer"}
  final_target: {"actual_target_id": "e604cc92", "target_name": "DEALER", "is_self_shot": false}
------------------------------------------------------------
[2026-08-13 16:55:09.744] [SHOT_PROCESSED]
  incoming_angle: 295.8
  incoming_pitch: -11.1
  game_mode: story_one_round
  game_phase: player_turn
  current_shooter: {"id": "e604cc92", "name": "DEALER", "number": 2}
  shooter_s_idx: 1
  all_participants: [{"id": "83bcfa8f", "name": "123"}, {"id": "e604cc92", "name": "DEALER"}]
  compass_calibration_state: {"s0_dealer": {"angle": 77.3, "target_id": "dealer", "pitch": -8.9}, "s0_self": {"angle": 273.6, "target_id": "self", "pitch": 33.1}, "s1_player_1": {"angle": 85.6, "target_id": "player_1", "pitch": -9.4}, "s1_self": {"angle": 97.1, "target_id": "self", "pitch": 44.4}}
  self_check: {"self_pitch_threshold": 33.3, "is_self_shot": false}
  spatial_check: {"best_idx": "s1_player_1", "assigned_target": "player_1"}
  final_target: {"actual_target_id": "83bcfa8f", "target_name": "123", "is_self_shot": false}
------------------------------------------------------------
[2026-08-13 16:55:11.196] [SHOT_PROCESSED]
  incoming_angle: 296.6
  incoming_pitch: -13.3
  game_mode: story_one_round
  game_phase: player_turn
  current_shooter: {"id": "83bcfa8f", "name": "123", "number": 1}
  shooter_s_idx: 0
  all_participants: [{"id": "83bcfa8f", "name": "123"}, {"id": "e604cc92", "name": "DEALER"}]
  compass_calibration_state: {"s0_dealer": {"angle": 77.3, "target_id": "dealer", "pitch": -8.9}, "s0_self": {"angle": 273.6, "target_id": "self", "pitch": 33.1}, "s1_player_1": {"angle": 85.6, "target_id": "player_1", "pitch": -9.4}, "s1_self": {"angle": 97.1, "target_id": "self", "pitch": 44.4}}
  self_check: {"self_pitch_threshold": 24.825000000000003, "is_self_shot": true}
  spatial_check: {"best_idx": "s0_self", "assigned_target": "self"}
  final_target: {"actual_target_id": "83bcfa8f", "target_name": "123 (В СЕБЯ 🎯)", "is_self_shot": true}
------------------------------------------------------------
[2026-08-13 16:55:20.144] [SHOT_PROCESSED]
  incoming_angle: 60.7
  incoming_pitch: 13.6
  game_mode: story_one_round
  game_phase: player_turn
  current_shooter: {"id": "83bcfa8f", "name": "123", "number": 1}
  shooter_s_idx: 0
  all_participants: [{"id": "83bcfa8f", "name": "123"}, {"id": "e604cc92", "name": "DEALER"}]
  compass_calibration_state: {"s0_dealer": {"angle": 77.3, "target_id": "dealer", "pitch": -8.9}, "s0_self": {"angle": 273.6, "target_id": "self", "pitch": 33.1}, "s1_player_1": {"angle": 85.6, "target_id": "player_1", "pitch": -9.4}, "s1_self": {"angle": 97.1, "target_id": "self", "pitch": 44.4}}
  self_check: {"self_pitch_threshold": 24.825000000000003, "is_self_shot": false}
  spatial_check: {"best_idx": "s0_dealer", "assigned_target": "dealer"}
  final_target: {"actual_target_id": "e604cc92", "target_name": "DEALER", "is_self_shot": false}
------------------------------------------------------------
[2026-08-13 16:55:22.553] [SHOT_PROCESSED]
  incoming_angle: 59.2
  incoming_pitch: -11.3
  game_mode: story_one_round
  game_phase: player_turn
  current_shooter: {"id": "e604cc92", "name": "DEALER", "number": 2}
  shooter_s_idx: 1
  all_participants: [{"id": "83bcfa8f", "name": "123"}, {"id": "e604cc92", "name": "DEALER"}]
  compass_calibration_state: {"s0_dealer": {"angle": 77.3, "target_id": "dealer", "pitch": -8.9}, "s0_self": {"angle": 273.6, "target_id": "self", "pitch": 33.1}, "s1_player_1": {"angle": 85.6, "target_id": "player_1", "pitch": -9.4}, "s1_self": {"angle": 97.1, "target_id": "self", "pitch": 44.4}}
  self_check: {"self_pitch_threshold": 33.3, "is_self_shot": false}
  spatial_check: {"best_idx": "s1_player_1", "assigned_target": "player_1"}
  final_target: {"actual_target_id": "83bcfa8f", "target_name": "123", "is_self_shot": false}
------------------------------------------------------------
[2026-08-13 16:55:30.117] [SHOT_PROCESSED]
  incoming_angle: 41.5
  incoming_pitch: -10.5
  game_mode: story_one_round
  game_phase: player_turn
  current_shooter: {"id": "83bcfa8f", "name": "123", "number": 1}
  shooter_s_idx: 0
  all_participants: [{"id": "83bcfa8f", "name": "123"}, {"id": "e604cc92", "name": "DEALER"}]
  compass_calibration_state: {"s0_dealer": {"angle": 77.3, "target_id": "dealer", "pitch": -8.9}, "s0_self": {"angle": 273.6, "target_id": "self", "pitch": 33.1}, "s1_player_1": {"angle": 85.6, "target_id": "player_1", "pitch": -9.4}, "s1_self": {"angle": 97.1, "target_id": "self", "pitch": 44.4}}
  self_check: {"self_pitch_threshold": 24.825000000000003, "is_self_shot": false}
  spatial_check: {"best_idx": "s0_dealer", "assigned_target": "dealer"}
  final_target: {"actual_target_id": "e604cc92", "target_name": "DEALER", "is_self_shot": false}
------------------------------------------------------------
[2026-08-13 16:55:46.731] [SHOT_PROCESSED]
  incoming_angle: 26.7
  incoming_pitch: -8.4
  game_mode: story_one_round
  game_phase: player_turn
  current_shooter: {"id": "574dd331", "name": "123", "number": 1}
  shooter_s_idx: 0
  all_participants: [{"id": "574dd331", "name": "123"}, {"id": "b883c1dd", "name": "DEALER"}]
  compass_calibration_state: {"s0_dealer": {"angle": 77.3, "target_id": "dealer", "pitch": -8.9}, "s0_self": {"angle": 273.6, "target_id": "self", "pitch": 33.1}, "s1_player_1": {"angle": 85.6, "target_id": "player_1", "pitch": -9.4}, "s1_self": {"angle": 97.1, "target_id": "self", "pitch": 44.4}}
  self_check: {"self_pitch_threshold": 24.825000000000003, "is_self_shot": false}
  spatial_check: {"best_idx": "s0_dealer", "assigned_target": "dealer"}
  final_target: {"actual_target_id": "b883c1dd", "target_name": "DEALER", "is_self_shot": false}
------------------------------------------------------------
[2026-08-13 16:55:52.586] [SHOT_PROCESSED]
  incoming_angle: 228.2
  incoming_pitch: -12.1
  game_mode: story_one_round
  game_phase: player_turn
  current_shooter: {"id": "b883c1dd", "name": "DEALER", "number": 2}
  shooter_s_idx: 1
  all_participants: [{"id": "574dd331", "name": "123"}, {"id": "b883c1dd", "name": "DEALER"}]
  compass_calibration_state: {"s0_dealer": {"angle": 77.3, "target_id": "dealer", "pitch": -8.9}, "s0_self": {"angle": 273.6, "target_id": "self", "pitch": 33.1}, "s1_player_1": {"angle": 85.6, "target_id": "player_1", "pitch": -9.4}, "s1_self": {"angle": 97.1, "target_id": "self", "pitch": 44.4}}
  self_check: {"self_pitch_threshold": 33.3, "is_self_shot": true}
  spatial_check: {"best_idx": "s1_self", "assigned_target": "self"}
  final_target: {"actual_target_id": "b883c1dd", "target_name": "DEALER (В СЕБЯ 🎯)", "is_self_shot": true}
------------------------------------------------------------
[2026-08-13 16:56:07.551] [CALIBRATION_STARTED]
  game_mode: multiplayer
  participants: [["player_1", "Игрок 1"], ["player_2", "Игрок 2"], ["player_3", "Игрок 3"], ["player_4", "Игрок 4"]]
  queue_length: 16
  queue: [{"key": "s0_player_2", "shooter_idx": 0, "shooter_name": "Игрок 1", "target_id": "player_2", "target_name": "Игрок 2", "prompt": "🎯 Игрок 1 ➔ Наведите на Игрок 2"}, {"key": "s0_player_3", "shooter_idx": 0, "shooter_name": "Игрок 1", "target_id": "player_3", "target_name": "Игрок 3", "prompt": "🎯 Игрок 1 ➔ Наведите на Игрок 3"}, {"key": "s0_player_4", "shooter_idx": 0, "shooter_name": "Игрок 1", "target_id": "player_4", "target_name": "Игрок 4", "prompt": "🎯 Игрок 1 ➔ Наведите на Игрок 4"}, {"key": "s0_self", "shooter_idx": 0, "shooter_name": "Игрок 1", "target_id": "self", "target_name": "В СЕБЯ", "prompt": "🎯 Игрок 1 ➔ В СЕБЯ (наведите на себя — горизонтально или вверх)"}, {"key": "s1_player_1", "shooter_idx": 1, "shooter_name": "Игрок 2", "target_id": "player_1", "target_name": "Игрок 1", "prompt": "🎯 Игрок 2 ➔ Наведите на Игрок 1"}, {"key": "s1_player_3", "shooter_idx": 1, "shooter_name": "Игрок 2", "target_id": "player_3", "target_name": "Игрок 3", "prompt": "🎯 Игрок 2 ➔ Наведите на Игрок 3"}, {"key": "s1_player_4", "shooter_idx": 1, "shooter_name": "Игрок 2", "target_id": "player_4", "target_name": "Игрок 4", "prompt": "🎯 Игрок 2 ➔ Наведите на Игрок 4"}, {"key": "s1_self", "shooter_idx": 1, "shooter_name": "Игрок 2", "target_id": "self", "target_name": "В СЕБЯ", "prompt": "🎯 Игрок 2 ➔ В СЕБЯ (наведите на себя — горизонтально или вверх)"}, {"key": "s2_player_1", "shooter_idx": 2, "shooter_name": "Игрок 3", "target_id": "player_1", "target_name": "Игрок 1", "prompt": "🎯 Игрок 3 ➔ Наведите на Игрок 1"}, {"key": "s2_player_2", "shooter_idx": 2, "shooter_name": "Игрок 3", "target_id": "player_2", "target_name": "Игрок 2", "prompt": "🎯 Игрок 3 ➔ Наведите на Игрок 2"}, {"key": "s2_player_4", "shooter_idx": 2, "shooter_name": "Игрок 3", "target_id": "player_4", "target_name": "Игрок 4", "prompt": "🎯 Игрок 3 ➔ Наведите на Игрок 4"}, {"key": "s2_self", "shooter_idx": 2, "shooter_name": "Игрок 3", "target_id": "self", "target_name": "В СЕБЯ", "prompt": "🎯 Игрок 3 ➔ В СЕБЯ (наведите на себя — горизонтально или вверх)"}, {"key": "s3_player_1", "shooter_idx": 3, "shooter_name": "Игрок 4", "target_id": "player_1", "target_name": "Игрок 1", "prompt": "🎯 Игрок 4 ➔ Наведите на Игрок 1"}, {"key": "s3_player_2", "shooter_idx": 3, "shooter_name": "Игрок 4", "target_id": "player_2", "target_name": "Игрок 2", "prompt": "🎯 Игрок 4 ➔ Наведите на Игрок 2"}, {"key": "s3_player_3", "shooter_idx": 3, "shooter_name": "Игрок 4", "target_id": "player_3", "target_name": "Игрок 3", "prompt": "🎯 Игрок 4 ➔ Наведите на Игрок 3"}, {"key": "s3_self", "shooter_idx": 3, "shooter_name": "Игрок 4", "target_id": "self", "target_name": "В СЕБЯ", "prompt": "🎯 Игрок 4 ➔ В СЕБЯ (наведите на себя — горизонтально или вверх)"}]
------------------------------------------------------------
[2026-08-13 16:56:19.182] [CALIBRATION_STEP_SAVED]
  step_key: s0_player_2
  target_name: Игрок 2
  default_target: player_2
  angle: 209.5
  pitch: -11.2
  remaining_queue_len: 15
  compass_calibration_database: {"s0_player_2": {"angle": 209.5, "target_id": "player_2", "pitch": -11.2}}
------------------------------------------------------------
[2026-08-13 16:56:23.405] [CALIBRATION_STEP_SAVED]
  step_key: s0_player_3
  target_name: Игрок 3
  default_target: player_3
  angle: 264.8
  pitch: -11.8
  remaining_queue_len: 14
  compass_calibration_database: {"s0_player_2": {"angle": 209.5, "target_id": "player_2", "pitch": -11.2}, "s0_player_3": {"angle": 264.8, "target_id": "player_3", "pitch": -11.8}}
------------------------------------------------------------
[2026-08-13 16:56:26.014] [CALIBRATION_STEP_SAVED]
  step_key: s0_player_4
  target_name: Игрок 4
  default_target: player_4
  angle: 317.8
  pitch: -8.8
  remaining_queue_len: 13
  compass_calibration_database: {"s0_player_2": {"angle": 209.5, "target_id": "player_2", "pitch": -11.2}, "s0_player_3": {"angle": 264.8, "target_id": "player_3", "pitch": -11.8}, "s0_player_4": {"angle": 317.8, "target_id": "player_4", "pitch": -8.8}}
------------------------------------------------------------
[2026-08-13 16:56:29.498] [CALIBRATION_STEP_SAVED]
  step_key: s0_self
  target_name: В СЕБЯ
  default_target: self
  angle: 122.0
  pitch: 46.9
  remaining_queue_len: 12
  compass_calibration_database: {"s0_player_2": {"angle": 209.5, "target_id": "player_2", "pitch": -11.2}, "s0_player_3": {"angle": 264.8, "target_id": "player_3", "pitch": -11.8}, "s0_player_4": {"angle": 317.8, "target_id": "player_4", "pitch": -8.8}, "s0_self": {"angle": 122.0, "target_id": "self", "pitch": 46.9}}
------------------------------------------------------------
[2026-08-13 16:56:37.203] [CALIBRATION_STEP_SAVED]
  step_key: s1_player_1
  target_name: Игрок 1
  default_target: player_1
  angle: 59.4
  pitch: -3.2
  remaining_queue_len: 11
  compass_calibration_database: {"s0_player_2": {"angle": 209.5, "target_id": "player_2", "pitch": -11.2}, "s0_player_3": {"angle": 264.8, "target_id": "player_3", "pitch": -11.8}, "s0_player_4": {"angle": 317.8, "target_id": "player_4", "pitch": -8.8}, "s0_self": {"angle": 122.0, "target_id": "self", "pitch": 46.9}, "s1_player_1": {"angle": 59.4, "target_id": "player_1", "pitch": -3.2}}
------------------------------------------------------------
[2026-08-13 16:56:37.659] [CALIBRATION_STEP_SAVED]
  step_key: s1_player_3
  target_name: Игрок 3
  default_target: player_3
  angle: 59.3
  pitch: 3.9
  remaining_queue_len: 10
  compass_calibration_database: {"s0_player_2": {"angle": 209.5, "target_id": "player_2", "pitch": -11.2}, "s0_player_3": {"angle": 264.8, "target_id": "player_3", "pitch": -11.8}, "s0_player_4": {"angle": 317.8, "target_id": "player_4", "pitch": -8.8}, "s0_self": {"angle": 122.0, "target_id": "self", "pitch": 46.9}, "s1_player_1": {"angle": 59.4, "target_id": "player_1", "pitch": -3.2}, "s1_player_3": {"angle": 59.3, "target_id": "player_3", "pitch": 3.9}}
------------------------------------------------------------
[2026-08-13 16:56:42.204] [CALIBRATION_STEP_SAVED]
  step_key: s1_player_4
  target_name: Игрок 4
  default_target: player_4
  angle: 13.0
  pitch: 8.5
  remaining_queue_len: 9
  compass_calibration_database: {"s0_player_2": {"angle": 209.5, "target_id": "player_2", "pitch": -11.2}, "s0_player_3": {"angle": 264.8, "target_id": "player_3", "pitch": -11.8}, "s0_player_4": {"angle": 317.8, "target_id": "player_4", "pitch": -8.8}, "s0_self": {"angle": 122.0, "target_id": "self", "pitch": 46.9}, "s1_player_1": {"angle": 59.4, "target_id": "player_1", "pitch": -3.2}, "s1_player_3": {"angle": 59.3, "target_id": "player_3", "pitch": 3.9}, "s1_player_4": {"angle": 13.0, "target_id": "player_4", "pitch": 8.5}}
------------------------------------------------------------
[2026-08-13 16:56:54.190] [CALIBRATION_STEP_SAVED]
  step_key: s1_self
  target_name: В СЕБЯ
  default_target: self
  angle: 177.4
  pitch: 32.0
  remaining_queue_len: 8
  compass_calibration_database: {"s0_player_2": {"angle": 209.5, "target_id": "player_2", "pitch": -11.2}, "s0_player_3": {"angle": 264.8, "target_id": "player_3", "pitch": -11.8}, "s0_player_4": {"angle": 317.8, "target_id": "player_4", "pitch": -8.8}, "s0_self": {"angle": 122.0, "target_id": "self", "pitch": 46.9}, "s1_player_1": {"angle": 59.4, "target_id": "player_1", "pitch": -3.2}, "s1_player_3": {"angle": 59.3, "target_id": "player_3", "pitch": 3.9}, "s1_player_4": {"angle": 13.0, "target_id": "player_4", "pitch": 8.5}, "s1_self": {"angle": 177.4, "target_id": "self", "pitch": 32.0}}
------------------------------------------------------------
[2026-08-13 16:57:02.031] [CALIBRATION_STEP_SAVED]
  step_key: s2_player_1
  target_name: Игрок 1
  default_target: player_1
  angle: 94.5
  pitch: -4.8
  remaining_queue_len: 7
  compass_calibration_database: {"s0_player_2": {"angle": 209.5, "target_id": "player_2", "pitch": -11.2}, "s0_player_3": {"angle": 264.8, "target_id": "player_3", "pitch": -11.8}, "s0_player_4": {"angle": 317.8, "target_id": "player_4", "pitch": -8.8}, "s0_self": {"angle": 122.0, "target_id": "self", "pitch": 46.9}, "s1_player_1": {"angle": 59.4, "target_id": "player_1", "pitch": -3.2}, "s1_player_3": {"angle": 59.3, "target_id": "player_3", "pitch": 3.9}, "s1_player_4": {"angle": 13.0, "target_id": "player_4", "pitch": 8.5}, "s1_self": {"angle": 177.4, "target_id": "self", "pitch": 32.0}, "s2_player_1": {"angle": 94.5, "target_id": "player_1", "pitch": -4.8}}
------------------------------------------------------------
[2026-08-13 16:57:05.525] [CALIBRATION_STEP_SAVED]
  step_key: s2_player_2
  target_name: Игрок 2
  default_target: player_2
  angle: 139.8
  pitch: -14.5
  remaining_queue_len: 6
  compass_calibration_database: {"s0_player_2": {"angle": 209.5, "target_id": "player_2", "pitch": -11.2}, "s0_player_3": {"angle": 264.8, "target_id": "player_3", "pitch": -11.8}, "s0_player_4": {"angle": 317.8, "target_id": "player_4", "pitch": -8.8}, "s0_self": {"angle": 122.0, "target_id": "self", "pitch": 46.9}, "s1_player_1": {"angle": 59.4, "target_id": "player_1", "pitch": -3.2}, "s1_player_3": {"angle": 59.3, "target_id": "player_3", "pitch": 3.9}, "s1_player_4": {"angle": 13.0, "target_id": "player_4", "pitch": 8.5}, "s1_self": {"angle": 177.4, "target_id": "self", "pitch": 32.0}, "s2_player_1": {"angle": 94.5, "target_id": "player_1", "pitch": -4.8}, "s2_player_2": {"angle": 139.8, "target_id": "player_2", "pitch": -14.5}}
------------------------------------------------------------
[2026-08-13 16:57:08.040] [CALIBRATION_STEP_SAVED]
  step_key: s2_player_4
  target_name: Игрок 4
  default_target: player_4
  angle: 48.7
  pitch: -7.7
  remaining_queue_len: 5
  compass_calibration_database: {"s0_player_2": {"angle": 209.5, "target_id": "player_2", "pitch": -11.2}, "s0_player_3": {"angle": 264.8, "target_id": "player_3", "pitch": -11.8}, "s0_player_4": {"angle": 317.8, "target_id": "player_4", "pitch": -8.8}, "s0_self": {"angle": 122.0, "target_id": "self", "pitch": 46.9}, "s1_player_1": {"angle": 59.4, "target_id": "player_1", "pitch": -3.2}, "s1_player_3": {"angle": 59.3, "target_id": "player_3", "pitch": 3.9}, "s1_player_4": {"angle": 13.0, "target_id": "player_4", "pitch": 8.5}, "s1_self": {"angle": 177.4, "target_id": "self", "pitch": 32.0}, "s2_player_1": {"angle": 94.5, "target_id": "player_1", "pitch": -4.8}, "s2_player_2": {"angle": 139.8, "target_id": "player_2", "pitch": -14.5}, "s2_player_4": {"angle": 48.7, "target_id": "player_4", "pitch": -7.7}}
------------------------------------------------------------
[2026-08-13 16:57:11.108] [CALIBRATION_STEP_SAVED]
  step_key: s2_self
  target_name: В СЕБЯ
  default_target: self
  angle: 245.4
  pitch: 38.0
  remaining_queue_len: 4
  compass_calibration_database: {"s0_player_2": {"angle": 209.5, "target_id": "player_2", "pitch": -11.2}, "s0_player_3": {"angle": 264.8, "target_id": "player_3", "pitch": -11.8}, "s0_player_4": {"angle": 317.8, "target_id": "player_4", "pitch": -8.8}, "s0_self": {"angle": 122.0, "target_id": "self", "pitch": 46.9}, "s1_player_1": {"angle": 59.4, "target_id": "player_1", "pitch": -3.2}, "s1_player_3": {"angle": 59.3, "target_id": "player_3", "pitch": 3.9}, "s1_player_4": {"angle": 13.0, "target_id": "player_4", "pitch": 8.5}, "s1_self": {"angle": 177.4, "target_id": "self", "pitch": 32.0}, "s2_player_1": {"angle": 94.5, "target_id": "player_1", "pitch": -4.8}, "s2_player_2": {"angle": 139.8, "target_id": "player_2", "pitch": -14.5}, "s2_player_4": {"angle": 48.7, "target_id": "player_4", "pitch": -7.7}, "s2_self": {"angle": 245.4, "target_id": "self", "pitch": 38.0}}
------------------------------------------------------------
[2026-08-13 16:57:14.254] [CALIBRATION_STEP_SAVED]
  step_key: s3_player_1
  target_name: Игрок 1
  default_target: player_1
  angle: 147.8
  pitch: -3.1
  remaining_queue_len: 3
  compass_calibration_database: {"s0_player_2": {"angle": 209.5, "target_id": "player_2", "pitch": -11.2}, "s0_player_3": {"angle": 264.8, "target_id": "player_3", "pitch": -11.8}, "s0_player_4": {"angle": 317.8, "target_id": "player_4", "pitch": -8.8}, "s0_self": {"angle": 122.0, "target_id": "self", "pitch": 46.9}, "s1_player_1": {"angle": 59.4, "target_id": "player_1", "pitch": -3.2}, "s1_player_3": {"angle": 59.3, "target_id": "player_3", "pitch": 3.9}, "s1_player_4": {"angle": 13.0, "target_id": "player_4", "pitch": 8.5}, "s1_self": {"angle": 177.4, "target_id": "self", "pitch": 32.0}, "s2_player_1": {"angle": 94.5, "target_id": "player_1", "pitch": -4.8}, "s2_player_2": {"angle": 139.8, "target_id": "player_2", "pitch": -14.5}, "s2_player_4": {"angle": 48.7, "target_id": "player_4", "pitch": -7.7}, "s2_self": {"angle": 245.4, "target_id": "self", "pitch": 38.0}, "s3_player_1": {"angle": 147.8, "target_id": "player_1", "pitch": -3.1}}
------------------------------------------------------------
[2026-08-13 16:57:21.701] [CALIBRATION_STEP_SAVED]
  step_key: s3_player_2
  target_name: Игрок 2
  default_target: player_2
  angle: 195.5
  pitch: -8.2
  remaining_queue_len: 2
  compass_calibration_database: {"s0_player_2": {"angle": 209.5, "target_id": "player_2", "pitch": -11.2}, "s0_player_3": {"angle": 264.8, "target_id": "player_3", "pitch": -11.8}, "s0_player_4": {"angle": 317.8, "target_id": "player_4", "pitch": -8.8}, "s0_self": {"angle": 122.0, "target_id": "self", "pitch": 46.9}, "s1_player_1": {"angle": 59.4, "target_id": "player_1", "pitch": -3.2}, "s1_player_3": {"angle": 59.3, "target_id": "player_3", "pitch": 3.9}, "s1_player_4": {"angle": 13.0, "target_id": "player_4", "pitch": 8.5}, "s1_self": {"angle": 177.4, "target_id": "self", "pitch": 32.0}, "s2_player_1": {"angle": 94.5, "target_id": "player_1", "pitch": -4.8}, "s2_player_2": {"angle": 139.8, "target_id": "player_2", "pitch": -14.5}, "s2_player_4": {"angle": 48.7, "target_id": "player_4", "pitch": -7.7}, "s2_self": {"angle": 245.4, "target_id": "self", "pitch": 38.0}, "s3_player_1": {"angle": 147.8, "target_id": "player_1", "pitch": -3.1}, "s3_player_2": {"angle": 195.5, "target_id": "player_2", "pitch": -8.2}}
------------------------------------------------------------
[2026-08-13 16:57:22.202] [CALIBRATION_STEP_SAVED]
  step_key: s3_player_3
  target_name: Игрок 3
  default_target: player_3
  angle: 195.5
  pitch: -8.2
  remaining_queue_len: 1
  compass_calibration_database: {"s0_player_2": {"angle": 209.5, "target_id": "player_2", "pitch": -11.2}, "s0_player_3": {"angle": 264.8, "target_id": "player_3", "pitch": -11.8}, "s0_player_4": {"angle": 317.8, "target_id": "player_4", "pitch": -8.8}, "s0_self": {"angle": 122.0, "target_id": "self", "pitch": 46.9}, "s1_player_1": {"angle": 59.4, "target_id": "player_1", "pitch": -3.2}, "s1_player_3": {"angle": 59.3, "target_id": "player_3", "pitch": 3.9}, "s1_player_4": {"angle": 13.0, "target_id": "player_4", "pitch": 8.5}, "s1_self": {"angle": 177.4, "target_id": "self", "pitch": 32.0}, "s2_player_1": {"angle": 94.5, "target_id": "player_1", "pitch": -4.8}, "s2_player_2": {"angle": 139.8, "target_id": "player_2", "pitch": -14.5}, "s2_player_4": {"angle": 48.7, "target_id": "player_4", "pitch": -7.7}, "s2_self": {"angle": 245.4, "target_id": "self", "pitch": 38.0}, "s3_player_1": {"angle": 147.8, "target_id": "player_1", "pitch": -3.1}, "s3_player_2": {"angle": 195.5, "target_id": "player_2", "pitch": -8.2}, "s3_player_3": {"angle": 195.5, "target_id": "player_3", "pitch": -8.2}}
------------------------------------------------------------
[2026-08-13 16:57:28.501] [CALIBRATION_STEP_SAVED]
  step_key: s3_self
  target_name: В СЕБЯ
  default_target: self
  angle: 60.3
  pitch: 44.7
  remaining_queue_len: 0
  compass_calibration_database: {"s0_player_2": {"angle": 209.5, "target_id": "player_2", "pitch": -11.2}, "s0_player_3": {"angle": 264.8, "target_id": "player_3", "pitch": -11.8}, "s0_player_4": {"angle": 317.8, "target_id": "player_4", "pitch": -8.8}, "s0_self": {"angle": 122.0, "target_id": "self", "pitch": 46.9}, "s1_player_1": {"angle": 59.4, "target_id": "player_1", "pitch": -3.2}, "s1_player_3": {"angle": 59.3, "target_id": "player_3", "pitch": 3.9}, "s1_player_4": {"angle": 13.0, "target_id": "player_4", "pitch": 8.5}, "s1_self": {"angle": 177.4, "target_id": "self", "pitch": 32.0}, "s2_player_1": {"angle": 94.5, "target_id": "player_1", "pitch": -4.8}, "s2_player_2": {"angle": 139.8, "target_id": "player_2", "pitch": -14.5}, "s2_player_4": {"angle": 48.7, "target_id": "player_4", "pitch": -7.7}, "s2_self": {"angle": 245.4, "target_id": "self", "pitch": 38.0}, "s3_player_1": {"angle": 147.8, "target_id": "player_1", "pitch": -3.1}, "s3_player_2": {"angle": 195.5, "target_id": "player_2", "pitch": -8.2}, "s3_player_3": {"angle": 195.5, "target_id": "player_3", "pitch": -8.2}, "s3_self": {"angle": 60.3, "target_id": "self", "pitch": 44.7}}
------------------------------------------------------------
[2026-08-13 16:57:30.551] [CALIBRATION_STARTED]
  game_mode: multiplayer
  participants: [["player_1", "Игрок 1"], ["player_2", "Игрок 2"], ["player_3", "Игрок 3"], ["player_4", "Игрок 4"]]
  queue_length: 16
  queue: [{"key": "s0_player_2", "shooter_idx": 0, "shooter_name": "Игрок 1", "target_id": "player_2", "target_name": "Игрок 2", "prompt": "🎯 Игрок 1 ➔ Наведите на Игрок 2"}, {"key": "s0_player_3", "shooter_idx": 0, "shooter_name": "Игрок 1", "target_id": "player_3", "target_name": "Игрок 3", "prompt": "🎯 Игрок 1 ➔ Наведите на Игрок 3"}, {"key": "s0_player_4", "shooter_idx": 0, "shooter_name": "Игрок 1", "target_id": "player_4", "target_name": "Игрок 4", "prompt": "🎯 Игрок 1 ➔ Наведите на Игрок 4"}, {"key": "s0_self", "shooter_idx": 0, "shooter_name": "Игрок 1", "target_id": "self", "target_name": "В СЕБЯ", "prompt": "🎯 Игрок 1 ➔ В СЕБЯ (наведите на себя — горизонтально или вверх)"}, {"key": "s1_player_1", "shooter_idx": 1, "shooter_name": "Игрок 2", "target_id": "player_1", "target_name": "Игрок 1", "prompt": "🎯 Игрок 2 ➔ Наведите на Игрок 1"}, {"key": "s1_player_3", "shooter_idx": 1, "shooter_name": "Игрок 2", "target_id": "player_3", "target_name": "Игрок 3", "prompt": "🎯 Игрок 2 ➔ Наведите на Игрок 3"}, {"key": "s1_player_4", "shooter_idx": 1, "shooter_name": "Игрок 2", "target_id": "player_4", "target_name": "Игрок 4", "prompt": "🎯 Игрок 2 ➔ Наведите на Игрок 4"}, {"key": "s1_self", "shooter_idx": 1, "shooter_name": "Игрок 2", "target_id": "self", "target_name": "В СЕБЯ", "prompt": "🎯 Игрок 2 ➔ В СЕБЯ (наведите на себя — горизонтально или вверх)"}, {"key": "s2_player_1", "shooter_idx": 2, "shooter_name": "Игрок 3", "target_id": "player_1", "target_name": "Игрок 1", "prompt": "🎯 Игрок 3 ➔ Наведите на Игрок 1"}, {"key": "s2_player_2", "shooter_idx": 2, "shooter_name": "Игрок 3", "target_id": "player_2", "target_name": "Игрок 2", "prompt": "🎯 Игрок 3 ➔ Наведите на Игрок 2"}, {"key": "s2_player_4", "shooter_idx": 2, "shooter_name": "Игрок 3", "target_id": "player_4", "target_name": "Игрок 4", "prompt": "🎯 Игрок 3 ➔ Наведите на Игрок 4"}, {"key": "s2_self", "shooter_idx": 2, "shooter_name": "Игрок 3", "target_id": "self", "target_name": "В СЕБЯ", "prompt": "🎯 Игрок 3 ➔ В СЕБЯ (наведите на себя — горизонтально или вверх)"}, {"key": "s3_player_1", "shooter_idx": 3, "shooter_name": "Игрок 4", "target_id": "player_1", "target_name": "Игрок 1", "prompt": "🎯 Игрок 4 ➔ Наведите на Игрок 1"}, {"key": "s3_player_2", "shooter_idx": 3, "shooter_name": "Игрок 4", "target_id": "player_2", "target_name": "Игрок 2", "prompt": "🎯 Игрок 4 ➔ Наведите на Игрок 2"}, {"key": "s3_player_3", "shooter_idx": 3, "shooter_name": "Игрок 4", "target_id": "player_3", "target_name": "Игрок 3", "prompt": "🎯 Игрок 4 ➔ Наведите на Игрок 3"}, {"key": "s3_self", "shooter_idx": 3, "shooter_name": "Игрок 4", "target_id": "self", "target_name": "В СЕБЯ", "prompt": "🎯 Игрок 4 ➔ В СЕБЯ (наведите на себя — горизонтально или вверх)"}]
------------------------------------------------------------
[2026-08-13 16:57:33.724] [CALIBRATION_STEP_SAVED]
  step_key: s0_player_2
  target_name: Игрок 2
  default_target: player_2
  angle: 307.4
  pitch: -6.8
  remaining_queue_len: 15
  compass_calibration_database: {"s0_player_2": {"angle": 307.4, "target_id": "player_2", "pitch": -6.8}}
------------------------------------------------------------
[2026-08-13 16:57:36.979] [CALIBRATION_STEP_SAVED]
  step_key: s0_player_3
  target_name: Игрок 3
  default_target: player_3
  angle: 6.4
  pitch: -10.3
  remaining_queue_len: 14
  compass_calibration_database: {"s0_player_2": {"angle": 307.4, "target_id": "player_2", "pitch": -6.8}, "s0_player_3": {"angle": 6.4, "target_id": "player_3", "pitch": -10.3}}
------------------------------------------------------------
[2026-08-13 16:57:39.593] [CALIBRATION_STEP_SAVED]
  step_key: s0_player_4
  target_name: Игрок 4
  default_target: player_4
  angle: 60.3
  pitch: 44.7
  remaining_queue_len: 13
  compass_calibration_database: {"s0_player_2": {"angle": 307.4, "target_id": "player_2", "pitch": -6.8}, "s0_player_3": {"angle": 6.4, "target_id": "player_3", "pitch": -10.3}, "s0_player_4": {"angle": 60.3, "target_id": "player_4", "pitch": 44.7}}
------------------------------------------------------------
[2026-08-13 16:57:39.825] [CALIBRATION_STEP_SAVED]
  step_key: s0_self
  target_name: В СЕБЯ
  default_target: self
  angle: 59.7
  pitch: -9.4
  remaining_queue_len: 12
  compass_calibration_database: {"s0_player_2": {"angle": 307.4, "target_id": "player_2", "pitch": -6.8}, "s0_player_3": {"angle": 6.4, "target_id": "player_3", "pitch": -10.3}, "s0_player_4": {"angle": 60.3, "target_id": "player_4", "pitch": 44.7}, "s0_self": {"angle": 59.7, "target_id": "self", "pitch": -9.4}}
------------------------------------------------------------
[2026-08-13 16:57:44.475] [CALIBRATION_STEP_SAVED]
  step_key: s1_player_1
  target_name: Игрок 1
  default_target: player_1
  angle: 153.2
  pitch: -12.5
  remaining_queue_len: 11
  compass_calibration_database: {"s0_player_2": {"angle": 307.4, "target_id": "player_2", "pitch": -6.8}, "s0_player_3": {"angle": 6.4, "target_id": "player_3", "pitch": -10.3}, "s0_player_4": {"angle": 60.3, "target_id": "player_4", "pitch": 44.7}, "s0_self": {"angle": 59.7, "target_id": "self", "pitch": -9.4}, "s1_player_1": {"angle": 153.2, "target_id": "player_1", "pitch": -12.5}}
------------------------------------------------------------
[2026-08-13 16:57:50.185] [CALIBRATION_STEP_SAVED]
  step_key: s1_player_3
  target_name: Игрок 3
  default_target: player_3
  angle: 35.2
  pitch: -9.3
  remaining_queue_len: 10
  compass_calibration_database: {"s0_player_2": {"angle": 307.4, "target_id": "player_2", "pitch": -6.8}, "s0_player_3": {"angle": 6.4, "target_id": "player_3", "pitch": -10.3}, "s0_player_4": {"angle": 60.3, "target_id": "player_4", "pitch": 44.7}, "s0_self": {"angle": 59.7, "target_id": "self", "pitch": -9.4}, "s1_player_1": {"angle": 153.2, "target_id": "player_1", "pitch": -12.5}, "s1_player_3": {"angle": 35.2, "target_id": "player_3", "pitch": -9.3}}
------------------------------------------------------------
[2026-08-13 16:57:52.533] [CALIBRATION_STEP_SAVED]
  step_key: s1_player_4
  target_name: Игрок 4
  default_target: player_4
  angle: 77.9
  pitch: -14.5
  remaining_queue_len: 9
  compass_calibration_database: {"s0_player_2": {"angle": 307.4, "target_id": "player_2", "pitch": -6.8}, "s0_player_3": {"angle": 6.4, "target_id": "player_3", "pitch": -10.3}, "s0_player_4": {"angle": 60.3, "target_id": "player_4", "pitch": 44.7}, "s0_self": {"angle": 59.7, "target_id": "self", "pitch": -9.4}, "s1_player_1": {"angle": 153.2, "target_id": "player_1", "pitch": -12.5}, "s1_player_3": {"angle": 35.2, "target_id": "player_3", "pitch": -9.3}, "s1_player_4": {"angle": 77.9, "target_id": "player_4", "pitch": -14.5}}
------------------------------------------------------------
[2026-08-13 16:58:02.705] [CALIBRATION_STEP_SAVED]
  step_key: s1_self
  target_name: В СЕБЯ
  default_target: self
  angle: 239.4
  pitch: 35.9
  remaining_queue_len: 8
  compass_calibration_database: {"s0_player_2": {"angle": 307.4, "target_id": "player_2", "pitch": -6.8}, "s0_player_3": {"angle": 6.4, "target_id": "player_3", "pitch": -10.3}, "s0_player_4": {"angle": 60.3, "target_id": "player_4", "pitch": 44.7}, "s0_self": {"angle": 59.7, "target_id": "self", "pitch": -9.4}, "s1_player_1": {"angle": 153.2, "target_id": "player_1", "pitch": -12.5}, "s1_player_3": {"angle": 35.2, "target_id": "player_3", "pitch": -9.3}, "s1_player_4": {"angle": 77.9, "target_id": "player_4", "pitch": -14.5}, "s1_self": {"angle": 239.4, "target_id": "self", "pitch": 35.9}}
------------------------------------------------------------
[2026-08-13 16:58:03.356] [CALIBRATION_STEP_SAVED]
  step_key: s2_player_1
  target_name: Игрок 1
  default_target: player_1
  angle: 239.4
  pitch: 35.9
  remaining_queue_len: 7
  compass_calibration_database: {"s0_player_2": {"angle": 307.4, "target_id": "player_2", "pitch": -6.8}, "s0_player_3": {"angle": 6.4, "target_id": "player_3", "pitch": -10.3}, "s0_player_4": {"angle": 60.3, "target_id": "player_4", "pitch": 44.7}, "s0_self": {"angle": 59.7, "target_id": "self", "pitch": -9.4}, "s1_player_1": {"angle": 153.2, "target_id": "player_1", "pitch": -12.5}, "s1_player_3": {"angle": 35.2, "target_id": "player_3", "pitch": -9.3}, "s1_player_4": {"angle": 77.9, "target_id": "player_4", "pitch": -14.5}, "s1_self": {"angle": 239.4, "target_id": "self", "pitch": 35.9}, "s2_player_1": {"angle": 239.4, "target_id": "player_1", "pitch": 35.9}}
------------------------------------------------------------
[2026-08-13 16:59:13.376] [CALIBRATION_STEP_SAVED]
  step_key: s2_player_2
  target_name: Игрок 2
  default_target: player_2
  angle: 124.8
  pitch: 84.4
  remaining_queue_len: 6
  compass_calibration_database: {"s0_player_2": {"angle": 307.4, "target_id": "player_2", "pitch": -6.8}, "s0_player_3": {"angle": 6.4, "target_id": "player_3", "pitch": -10.3}, "s0_player_4": {"angle": 60.3, "target_id": "player_4", "pitch": 44.7}, "s0_self": {"angle": 59.7, "target_id": "self", "pitch": -9.4}, "s1_player_1": {"angle": 153.2, "target_id": "player_1", "pitch": -12.5}, "s1_player_3": {"angle": 35.2, "target_id": "player_3", "pitch": -9.3}, "s1_player_4": {"angle": 77.9, "target_id": "player_4", "pitch": -14.5}, "s1_self": {"angle": 239.4, "target_id": "self", "pitch": 35.9}, "s2_player_1": {"angle": 239.4, "target_id": "player_1", "pitch": 35.9}, "s2_player_2": {"angle": 124.8, "target_id": "player_2", "pitch": 84.4}}
------------------------------------------------------------
[2026-08-13 16:59:29.111] [SHOT_PROCESSED]
  incoming_angle: 124.8
  incoming_pitch: 84.4
  game_mode: multiplayer
  game_phase: lobby
  current_shooter: None
  shooter_s_idx: 0
  all_participants: []
  compass_calibration_state: {"s0_player_2": {"angle": 307.4, "target_id": "player_2", "pitch": -6.8}, "s0_player_3": {"angle": 6.4, "target_id": "player_3", "pitch": -10.3}, "s0_player_4": {"angle": 60.3, "target_id": "player_4", "pitch": 44.7}, "s0_self": {"angle": 59.7, "target_id": "self", "pitch": -9.4}, "s1_player_1": {"angle": 153.2, "target_id": "player_1", "pitch": -12.5}, "s1_player_3": {"angle": 35.2, "target_id": "player_3", "pitch": -9.3}, "s1_player_4": {"angle": 77.9, "target_id": "player_4", "pitch": -14.5}, "s1_self": {"angle": 239.4, "target_id": "self", "pitch": 35.9}, "s2_player_1": {"angle": 239.4, "target_id": "player_1", "pitch": 35.9}, "s2_player_2": {"angle": 124.8, "target_id": "player_2", "pitch": 84.4}}
  self_check: {"self_pitch_threshold": 50.0, "is_self_shot": false}
  spatial_check: {"best_idx": "s2_player_2", "assigned_target": "player_2"}
  final_target: {"actual_target_id": null, "target_name": "Неизвестно", "is_self_shot": false}
------------------------------------------------------------
[2026-08-13 16:59:40.583] [CALIBRATION_STARTED]
  game_mode: multiplayer
  participants: [["player_1", "Игрок 1"], ["player_2", "Игрок 2"], ["player_3", "Игрок 3"], ["player_4", "Игрок 4"]]
  queue_length: 16
  queue: [{"key": "s0_player_2", "shooter_idx": 0, "shooter_name": "Игрок 1", "target_id": "player_2", "target_name": "Игрок 2", "prompt": "🎯 Игрок 1 ➔ Наведите на Игрок 2"}, {"key": "s0_player_3", "shooter_idx": 0, "shooter_name": "Игрок 1", "target_id": "player_3", "target_name": "Игрок 3", "prompt": "🎯 Игрок 1 ➔ Наведите на Игрок 3"}, {"key": "s0_player_4", "shooter_idx": 0, "shooter_name": "Игрок 1", "target_id": "player_4", "target_name": "Игрок 4", "prompt": "🎯 Игрок 1 ➔ Наведите на Игрок 4"}, {"key": "s0_self", "shooter_idx": 0, "shooter_name": "Игрок 1", "target_id": "self", "target_name": "В СЕБЯ", "prompt": "🎯 Игрок 1 ➔ В СЕБЯ (наведите на себя — горизонтально или вверх)"}, {"key": "s1_player_1", "shooter_idx": 1, "shooter_name": "Игрок 2", "target_id": "player_1", "target_name": "Игрок 1", "prompt": "🎯 Игрок 2 ➔ Наведите на Игрок 1"}, {"key": "s1_player_3", "shooter_idx": 1, "shooter_name": "Игрок 2", "target_id": "player_3", "target_name": "Игрок 3", "prompt": "🎯 Игрок 2 ➔ Наведите на Игрок 3"}, {"key": "s1_player_4", "shooter_idx": 1, "shooter_name": "Игрок 2", "target_id": "player_4", "target_name": "Игрок 4", "prompt": "🎯 Игрок 2 ➔ Наведите на Игрок 4"}, {"key": "s1_self", "shooter_idx": 1, "shooter_name": "Игрок 2", "target_id": "self", "target_name": "В СЕБЯ", "prompt": "🎯 Игрок 2 ➔ В СЕБЯ (наведите на себя — горизонтально или вверх)"}, {"key": "s2_player_1", "shooter_idx": 2, "shooter_name": "Игрок 3", "target_id": "player_1", "target_name": "Игрок 1", "prompt": "🎯 Игрок 3 ➔ Наведите на Игрок 1"}, {"key": "s2_player_2", "shooter_idx": 2, "shooter_name": "Игрок 3", "target_id": "player_2", "target_name": "Игрок 2", "prompt": "🎯 Игрок 3 ➔ Наведите на Игрок 2"}, {"key": "s2_player_4", "shooter_idx": 2, "shooter_name": "Игрок 3", "target_id": "player_4", "target_name": "Игрок 4", "prompt": "🎯 Игрок 3 ➔ Наведите на Игрок 4"}, {"key": "s2_self", "shooter_idx": 2, "shooter_name": "Игрок 3", "target_id": "self", "target_name": "В СЕБЯ", "prompt": "🎯 Игрок 3 ➔ В СЕБЯ (наведите на себя — горизонтально или вверх)"}, {"key": "s3_player_1", "shooter_idx": 3, "shooter_name": "Игрок 4", "target_id": "player_1", "target_name": "Игрок 1", "prompt": "🎯 Игрок 4 ➔ Наведите на Игрок 1"}, {"key": "s3_player_2", "shooter_idx": 3, "shooter_name": "Игрок 4", "target_id": "player_2", "target_name": "Игрок 2", "prompt": "🎯 Игрок 4 ➔ Наведите на Игрок 2"}, {"key": "s3_player_3", "shooter_idx": 3, "shooter_name": "Игрок 4", "target_id": "player_3", "target_name": "Игрок 3", "prompt": "🎯 Игрок 4 ➔ Наведите на Игрок 3"}, {"key": "s3_self", "shooter_idx": 3, "shooter_name": "Игрок 4", "target_id": "self", "target_name": "В СЕБЯ", "prompt": "🎯 Игрок 4 ➔ В СЕБЯ (наведите на себя — горизонтально или вверх)"}]
------------------------------------------------------------
[2026-08-13 16:59:44.161] [CALIBRATION_STEP_SAVED]
  step_key: s0_player_2
  target_name: Игрок 2
  default_target: player_2
  angle: 38.7
  pitch: 12.8
  remaining_queue_len: 15
  compass_calibration_database: {"s0_player_2": {"angle": 38.7, "target_id": "player_2", "pitch": 12.8}}
------------------------------------------------------------
[2026-08-13 16:59:46.559] [CALIBRATION_STEP_SAVED]
  step_key: s0_player_3
  target_name: Игрок 3
  default_target: player_3
  angle: 99.8
  pitch: -10.1
  remaining_queue_len: 14
  compass_calibration_database: {"s0_player_2": {"angle": 38.7, "target_id": "player_2", "pitch": 12.8}, "s0_player_3": {"angle": 99.8, "target_id": "player_3", "pitch": -10.1}}
------------------------------------------------------------
[2026-08-13 16:59:48.210] [CALIBRATION_STEP_SAVED]
  step_key: s0_player_4
  target_name: Игрок 4
  default_target: player_4
  angle: 157.9
  pitch: -10.1
  remaining_queue_len: 13
  compass_calibration_database: {"s0_player_2": {"angle": 38.7, "target_id": "player_2", "pitch": 12.8}, "s0_player_3": {"angle": 99.8, "target_id": "player_3", "pitch": -10.1}, "s0_player_4": {"angle": 157.9, "target_id": "player_4", "pitch": -10.1}}
------------------------------------------------------------
[2026-08-13 16:59:50.949] [CALIBRATION_STEP_SAVED]
  step_key: s0_self
  target_name: В СЕБЯ
  default_target: self
  angle: 332.7
  pitch: 52.3
  remaining_queue_len: 12
  compass_calibration_database: {"s0_player_2": {"angle": 38.7, "target_id": "player_2", "pitch": 12.8}, "s0_player_3": {"angle": 99.8, "target_id": "player_3", "pitch": -10.1}, "s0_player_4": {"angle": 157.9, "target_id": "player_4", "pitch": -10.1}, "s0_self": {"angle": 332.7, "target_id": "self", "pitch": 52.3}}
------------------------------------------------------------
[2026-08-13 16:59:56.058] [CALIBRATION_STEP_SAVED]
  step_key: s1_player_1
  target_name: Игрок 1
  default_target: player_1
  angle: 277.4
  pitch: -1.9
  remaining_queue_len: 11
  compass_calibration_database: {"s0_player_2": {"angle": 38.7, "target_id": "player_2", "pitch": 12.8}, "s0_player_3": {"angle": 99.8, "target_id": "player_3", "pitch": -10.1}, "s0_player_4": {"angle": 157.9, "target_id": "player_4", "pitch": -10.1}, "s0_self": {"angle": 332.7, "target_id": "self", "pitch": 52.3}, "s1_player_1": {"angle": 277.4, "target_id": "player_1", "pitch": -1.9}}
------------------------------------------------------------
[2026-08-13 17:00:05.206] [CALIBRATION_STEP_SAVED]
  step_key: s1_player_3
  target_name: Игрок 3
  default_target: player_3
  angle: 171.1
  pitch: -4.4
  remaining_queue_len: 10
  compass_calibration_database: {"s0_player_2": {"angle": 38.7, "target_id": "player_2", "pitch": 12.8}, "s0_player_3": {"angle": 99.8, "target_id": "player_3", "pitch": -10.1}, "s0_player_4": {"angle": 157.9, "target_id": "player_4", "pitch": -10.1}, "s0_self": {"angle": 332.7, "target_id": "self", "pitch": 52.3}, "s1_player_1": {"angle": 277.4, "target_id": "player_1", "pitch": -1.9}, "s1_player_3": {"angle": 171.1, "target_id": "player_3", "pitch": -4.4}}
------------------------------------------------------------
[2026-08-13 17:00:07.279] [CALIBRATION_STEP_SAVED]
  step_key: s1_player_4
  target_name: Игрок 4
  default_target: player_4
  angle: 171.1
  pitch: -4.4
  remaining_queue_len: 9
  compass_calibration_database: {"s0_player_2": {"angle": 38.7, "target_id": "player_2", "pitch": 12.8}, "s0_player_3": {"angle": 99.8, "target_id": "player_3", "pitch": -10.1}, "s0_player_4": {"angle": 157.9, "target_id": "player_4", "pitch": -10.1}, "s0_self": {"angle": 332.7, "target_id": "self", "pitch": 52.3}, "s1_player_1": {"angle": 277.4, "target_id": "player_1", "pitch": -1.9}, "s1_player_3": {"angle": 171.1, "target_id": "player_3", "pitch": -4.4}, "s1_player_4": {"angle": 171.1, "target_id": "player_4", "pitch": -4.4}}
------------------------------------------------------------
[2026-08-13 17:00:13.864] [CALIBRATION_STARTED]
  game_mode: multiplayer
  participants: [["player_1", "Игрок 1"], ["player_2", "Игрок 2"], ["player_3", "Игрок 3"], ["player_4", "Игрок 4"]]
  queue_length: 16
  queue: [{"key": "s0_player_2", "shooter_idx": 0, "shooter_name": "Игрок 1", "target_id": "player_2", "target_name": "Игрок 2", "prompt": "🎯 Игрок 1 ➔ Наведите на Игрок 2"}, {"key": "s0_player_3", "shooter_idx": 0, "shooter_name": "Игрок 1", "target_id": "player_3", "target_name": "Игрок 3", "prompt": "🎯 Игрок 1 ➔ Наведите на Игрок 3"}, {"key": "s0_player_4", "shooter_idx": 0, "shooter_name": "Игрок 1", "target_id": "player_4", "target_name": "Игрок 4", "prompt": "🎯 Игрок 1 ➔ Наведите на Игрок 4"}, {"key": "s0_self", "shooter_idx": 0, "shooter_name": "Игрок 1", "target_id": "self", "target_name": "В СЕБЯ", "prompt": "🎯 Игрок 1 ➔ В СЕБЯ (наведите на себя — горизонтально или вверх)"}, {"key": "s1_player_1", "shooter_idx": 1, "shooter_name": "Игрок 2", "target_id": "player_1", "target_name": "Игрок 1", "prompt": "🎯 Игрок 2 ➔ Наведите на Игрок 1"}, {"key": "s1_player_3", "shooter_idx": 1, "shooter_name": "Игрок 2", "target_id": "player_3", "target_name": "Игрок 3", "prompt": "🎯 Игрок 2 ➔ Наведите на Игрок 3"}, {"key": "s1_player_4", "shooter_idx": 1, "shooter_name": "Игрок 2", "target_id": "player_4", "target_name": "Игрок 4", "prompt": "🎯 Игрок 2 ➔ Наведите на Игрок 4"}, {"key": "s1_self", "shooter_idx": 1, "shooter_name": "Игрок 2", "target_id": "self", "target_name": "В СЕБЯ", "prompt": "🎯 Игрок 2 ➔ В СЕБЯ (наведите на себя — горизонтально или вверх)"}, {"key": "s2_player_1", "shooter_idx": 2, "shooter_name": "Игрок 3", "target_id": "player_1", "target_name": "Игрок 1", "prompt": "🎯 Игрок 3 ➔ Наведите на Игрок 1"}, {"key": "s2_player_2", "shooter_idx": 2, "shooter_name": "Игрок 3", "target_id": "player_2", "target_name": "Игрок 2", "prompt": "🎯 Игрок 3 ➔ Наведите на Игрок 2"}, {"key": "s2_player_4", "shooter_idx": 2, "shooter_name": "Игрок 3", "target_id": "player_4", "target_name": "Игрок 4", "prompt": "🎯 Игрок 3 ➔ Наведите на Игрок 4"}, {"key": "s2_self", "shooter_idx": 2, "shooter_name": "Игрок 3", "target_id": "self", "target_name": "В СЕБЯ", "prompt": "🎯 Игрок 3 ➔ В СЕБЯ (наведите на себя — горизонтально или вверх)"}, {"key": "s3_player_1", "shooter_idx": 3, "shooter_name": "Игрок 4", "target_id": "player_1", "target_name": "Игрок 1", "prompt": "🎯 Игрок 4 ➔ Наведите на Игрок 1"}, {"key": "s3_player_2", "shooter_idx": 3, "shooter_name": "Игрок 4", "target_id": "player_2", "target_name": "Игрок 2", "prompt": "🎯 Игрок 4 ➔ Наведите на Игрок 2"}, {"key": "s3_player_3", "shooter_idx": 3, "shooter_name": "Игрок 4", "target_id": "player_3", "target_name": "Игрок 3", "prompt": "🎯 Игрок 4 ➔ Наведите на Игрок 3"}, {"key": "s3_self", "shooter_idx": 3, "shooter_name": "Игрок 4", "target_id": "self", "target_name": "В СЕБЯ", "prompt": "🎯 Игрок 4 ➔ В СЕБЯ (наведите на себя — горизонтально или вверх)"}]
------------------------------------------------------------
[2026-08-13 17:00:17.443] [CALIBRATION_STEP_SAVED]
  step_key: s0_player_2
  target_name: Игрок 2
  default_target: player_2
  angle: 48.8
  pitch: 7.4
  remaining_queue_len: 15
  compass_calibration_database: {"s0_player_2": {"angle": 48.8, "target_id": "player_2", "pitch": 7.4}}
------------------------------------------------------------
[2026-08-13 17:00:19.543] [CALIBRATION_STEP_SAVED]
  step_key: s0_player_3
  target_name: Игрок 3
  default_target: player_3
  angle: 109.2
  pitch: -11.3
  remaining_queue_len: 14
  compass_calibration_database: {"s0_player_2": {"angle": 48.8, "target_id": "player_2", "pitch": 7.4}, "s0_player_3": {"angle": 109.2, "target_id": "player_3", "pitch": -11.3}}
------------------------------------------------------------
[2026-08-13 17:00:21.586] [CALIBRATION_STEP_SAVED]
  step_key: s0_player_4
  target_name: Игрок 4
  default_target: player_4
  angle: 169.3
  pitch: -12.9
  remaining_queue_len: 13
  compass_calibration_database: {"s0_player_2": {"angle": 48.8, "target_id": "player_2", "pitch": 7.4}, "s0_player_3": {"angle": 109.2, "target_id": "player_3", "pitch": -11.3}, "s0_player_4": {"angle": 169.3, "target_id": "player_4", "pitch": -12.9}}
------------------------------------------------------------
[2026-08-13 17:00:24.395] [CALIBRATION_STEP_SAVED]
  step_key: s0_self
  target_name: В СЕБЯ
  default_target: self
  angle: 319.7
  pitch: 55.4
  remaining_queue_len: 12
  compass_calibration_database: {"s0_player_2": {"angle": 48.8, "target_id": "player_2", "pitch": 7.4}, "s0_player_3": {"angle": 109.2, "target_id": "player_3", "pitch": -11.3}, "s0_player_4": {"angle": 169.3, "target_id": "player_4", "pitch": -12.9}, "s0_self": {"angle": 319.7, "target_id": "self", "pitch": 55.4}}
------------------------------------------------------------
[2026-08-13 17:00:27.913] [CALIBRATION_STEP_SAVED]
  step_key: s1_player_1
  target_name: Игрок 1
  default_target: player_1
  angle: 248.6
  pitch: 6.9
  remaining_queue_len: 11
  compass_calibration_database: {"s0_player_2": {"angle": 48.8, "target_id": "player_2", "pitch": 7.4}, "s0_player_3": {"angle": 109.2, "target_id": "player_3", "pitch": -11.3}, "s0_player_4": {"angle": 169.3, "target_id": "player_4", "pitch": -12.9}, "s0_self": {"angle": 319.7, "target_id": "self", "pitch": 55.4}, "s1_player_1": {"angle": 248.6, "target_id": "player_1", "pitch": 6.9}}
------------------------------------------------------------
[2026-08-13 17:00:32.641] [CALIBRATION_STEP_SAVED]
  step_key: s1_player_3
  target_name: Игрок 3
  default_target: player_3
  angle: 169.4
  pitch: -6.4
  remaining_queue_len: 10
  compass_calibration_database: {"s0_player_2": {"angle": 48.8, "target_id": "player_2", "pitch": 7.4}, "s0_player_3": {"angle": 109.2, "target_id": "player_3", "pitch": -11.3}, "s0_player_4": {"angle": 169.3, "target_id": "player_4", "pitch": -12.9}, "s0_self": {"angle": 319.7, "target_id": "self", "pitch": 55.4}, "s1_player_1": {"angle": 248.6, "target_id": "player_1", "pitch": 6.9}, "s1_player_3": {"angle": 169.4, "target_id": "player_3", "pitch": -6.4}}
------------------------------------------------------------
[2026-08-13 17:00:38.649] [CALIBRATION_STEP_SAVED]
  step_key: s1_player_4
  target_name: Игрок 4
  default_target: player_4
  angle: 197.1
  pitch: -11.5
  remaining_queue_len: 9
  compass_calibration_database: {"s0_player_2": {"angle": 48.8, "target_id": "player_2", "pitch": 7.4}, "s0_player_3": {"angle": 109.2, "target_id": "player_3", "pitch": -11.3}, "s0_player_4": {"angle": 169.3, "target_id": "player_4", "pitch": -12.9}, "s0_self": {"angle": 319.7, "target_id": "self", "pitch": 55.4}, "s1_player_1": {"angle": 248.6, "target_id": "player_1", "pitch": 6.9}, "s1_player_3": {"angle": 169.4, "target_id": "player_3", "pitch": -6.4}, "s1_player_4": {"angle": 197.1, "target_id": "player_4", "pitch": -11.5}}
------------------------------------------------------------
[2026-08-13 17:00:42.422] [CALIBRATION_STEP_SAVED]
  step_key: s1_self
  target_name: В СЕБЯ
  default_target: self
  angle: 355.1
  pitch: 41.7
  remaining_queue_len: 8
  compass_calibration_database: {"s0_player_2": {"angle": 48.8, "target_id": "player_2", "pitch": 7.4}, "s0_player_3": {"angle": 109.2, "target_id": "player_3", "pitch": -11.3}, "s0_player_4": {"angle": 169.3, "target_id": "player_4", "pitch": -12.9}, "s0_self": {"angle": 319.7, "target_id": "self", "pitch": 55.4}, "s1_player_1": {"angle": 248.6, "target_id": "player_1", "pitch": 6.9}, "s1_player_3": {"angle": 169.4, "target_id": "player_3", "pitch": -6.4}, "s1_player_4": {"angle": 197.1, "target_id": "player_4", "pitch": -11.5}, "s1_self": {"angle": 355.1, "target_id": "self", "pitch": 41.7}}
------------------------------------------------------------
[2026-08-13 17:00:46.406] [CALIBRATION_STEP_SAVED]
  step_key: s2_player_1
  target_name: Игрок 1
  default_target: player_1
  angle: 264.5
  pitch: -8.4
  remaining_queue_len: 7
  compass_calibration_database: {"s0_player_2": {"angle": 48.8, "target_id": "player_2", "pitch": 7.4}, "s0_player_3": {"angle": 109.2, "target_id": "player_3", "pitch": -11.3}, "s0_player_4": {"angle": 169.3, "target_id": "player_4", "pitch": -12.9}, "s0_self": {"angle": 319.7, "target_id": "self", "pitch": 55.4}, "s1_player_1": {"angle": 248.6, "target_id": "player_1", "pitch": 6.9}, "s1_player_3": {"angle": 169.4, "target_id": "player_3", "pitch": -6.4}, "s1_player_4": {"angle": 197.1, "target_id": "player_4", "pitch": -11.5}, "s1_self": {"angle": 355.1, "target_id": "self", "pitch": 41.7}, "s2_player_1": {"angle": 264.5, "target_id": "player_1", "pitch": -8.4}}
------------------------------------------------------------
[2026-08-13 17:00:48.916] [CALIBRATION_STEP_SAVED]
  step_key: s2_player_2
  target_name: Игрок 2
  default_target: player_2
  angle: 315.2
  pitch: -11.7
  remaining_queue_len: 6
  compass_calibration_database: {"s0_player_2": {"angle": 48.8, "target_id": "player_2", "pitch": 7.4}, "s0_player_3": {"angle": 109.2, "target_id": "player_3", "pitch": -11.3}, "s0_player_4": {"angle": 169.3, "target_id": "player_4", "pitch": -12.9}, "s0_self": {"angle": 319.7, "target_id": "self", "pitch": 55.4}, "s1_player_1": {"angle": 248.6, "target_id": "player_1", "pitch": 6.9}, "s1_player_3": {"angle": 169.4, "target_id": "player_3", "pitch": -6.4}, "s1_player_4": {"angle": 197.1, "target_id": "player_4", "pitch": -11.5}, "s1_self": {"angle": 355.1, "target_id": "self", "pitch": 41.7}, "s2_player_1": {"angle": 264.5, "target_id": "player_1", "pitch": -8.4}, "s2_player_2": {"angle": 315.2, "target_id": "player_2", "pitch": -11.7}}
------------------------------------------------------------
[2026-08-13 17:00:51.536] [CALIBRATION_STEP_SAVED]
  step_key: s2_player_4
  target_name: Игрок 4
  default_target: player_4
  angle: 224.2
  pitch: -6.3
  remaining_queue_len: 5
  compass_calibration_database: {"s0_player_2": {"angle": 48.8, "target_id": "player_2", "pitch": 7.4}, "s0_player_3": {"angle": 109.2, "target_id": "player_3", "pitch": -11.3}, "s0_player_4": {"angle": 169.3, "target_id": "player_4", "pitch": -12.9}, "s0_self": {"angle": 319.7, "target_id": "self", "pitch": 55.4}, "s1_player_1": {"angle": 248.6, "target_id": "player_1", "pitch": 6.9}, "s1_player_3": {"angle": 169.4, "target_id": "player_3", "pitch": -6.4}, "s1_player_4": {"angle": 197.1, "target_id": "player_4", "pitch": -11.5}, "s1_self": {"angle": 355.1, "target_id": "self", "pitch": 41.7}, "s2_player_1": {"angle": 264.5, "target_id": "player_1", "pitch": -8.4}, "s2_player_2": {"angle": 315.2, "target_id": "player_2", "pitch": -11.7}, "s2_player_4": {"angle": 224.2, "target_id": "player_4", "pitch": -6.3}}
------------------------------------------------------------
[2026-08-13 17:00:54.254] [CALIBRATION_STEP_SAVED]
  step_key: s2_self
  target_name: В СЕБЯ
  default_target: self
  angle: 64.8
  pitch: 36.1
  remaining_queue_len: 4
  compass_calibration_database: {"s0_player_2": {"angle": 48.8, "target_id": "player_2", "pitch": 7.4}, "s0_player_3": {"angle": 109.2, "target_id": "player_3", "pitch": -11.3}, "s0_player_4": {"angle": 169.3, "target_id": "player_4", "pitch": -12.9}, "s0_self": {"angle": 319.7, "target_id": "self", "pitch": 55.4}, "s1_player_1": {"angle": 248.6, "target_id": "player_1", "pitch": 6.9}, "s1_player_3": {"angle": 169.4, "target_id": "player_3", "pitch": -6.4}, "s1_player_4": {"angle": 197.1, "target_id": "player_4", "pitch": -11.5}, "s1_self": {"angle": 355.1, "target_id": "self", "pitch": 41.7}, "s2_player_1": {"angle": 264.5, "target_id": "player_1", "pitch": -8.4}, "s2_player_2": {"angle": 315.2, "target_id": "player_2", "pitch": -11.7}, "s2_player_4": {"angle": 224.2, "target_id": "player_4", "pitch": -6.3}, "s2_self": {"angle": 64.8, "target_id": "self", "pitch": 36.1}}
------------------------------------------------------------
[2026-08-13 17:00:57.015] [CALIBRATION_STEP_SAVED]
  step_key: s3_player_1
  target_name: Игрок 1
  default_target: player_1
  angle: 312.9
  pitch: -16.1
  remaining_queue_len: 3
  compass_calibration_database: {"s0_player_2": {"angle": 48.8, "target_id": "player_2", "pitch": 7.4}, "s0_player_3": {"angle": 109.2, "target_id": "player_3", "pitch": -11.3}, "s0_player_4": {"angle": 169.3, "target_id": "player_4", "pitch": -12.9}, "s0_self": {"angle": 319.7, "target_id": "self", "pitch": 55.4}, "s1_player_1": {"angle": 248.6, "target_id": "player_1", "pitch": 6.9}, "s1_player_3": {"angle": 169.4, "target_id": "player_3", "pitch": -6.4}, "s1_player_4": {"angle": 197.1, "target_id": "player_4", "pitch": -11.5}, "s1_self": {"angle": 355.1, "target_id": "self", "pitch": 41.7}, "s2_player_1": {"angle": 264.5, "target_id": "player_1", "pitch": -8.4}, "s2_player_2": {"angle": 315.2, "target_id": "player_2", "pitch": -11.7}, "s2_player_4": {"angle": 224.2, "target_id": "player_4", "pitch": -6.3}, "s2_self": {"angle": 64.8, "target_id": "self", "pitch": 36.1}, "s3_player_1": {"angle": 312.9, "target_id": "player_1", "pitch": -16.1}}
------------------------------------------------------------
[2026-08-13 17:00:58.334] [CALIBRATION_STEP_SAVED]
  step_key: s3_player_2
  target_name: Игрок 2
  default_target: player_2
  angle: 353.9
  pitch: 7.6
  remaining_queue_len: 2
  compass_calibration_database: {"s0_player_2": {"angle": 48.8, "target_id": "player_2", "pitch": 7.4}, "s0_player_3": {"angle": 109.2, "target_id": "player_3", "pitch": -11.3}, "s0_player_4": {"angle": 169.3, "target_id": "player_4", "pitch": -12.9}, "s0_self": {"angle": 319.7, "target_id": "self", "pitch": 55.4}, "s1_player_1": {"angle": 248.6, "target_id": "player_1", "pitch": 6.9}, "s1_player_3": {"angle": 169.4, "target_id": "player_3", "pitch": -6.4}, "s1_player_4": {"angle": 197.1, "target_id": "player_4", "pitch": -11.5}, "s1_self": {"angle": 355.1, "target_id": "self", "pitch": 41.7}, "s2_player_1": {"angle": 264.5, "target_id": "player_1", "pitch": -8.4}, "s2_player_2": {"angle": 315.2, "target_id": "player_2", "pitch": -11.7}, "s2_player_4": {"angle": 224.2, "target_id": "player_4", "pitch": -6.3}, "s2_self": {"angle": 64.8, "target_id": "self", "pitch": 36.1}, "s3_player_1": {"angle": 312.9, "target_id": "player_1", "pitch": -16.1}, "s3_player_2": {"angle": 353.9, "target_id": "player_2", "pitch": 7.6}}
------------------------------------------------------------
[2026-08-13 17:01:00.125] [CALIBRATION_STEP_SAVED]
  step_key: s3_player_3
  target_name: Игрок 3
  default_target: player_3
  angle: 36.5
  pitch: 27.0
  remaining_queue_len: 1
  compass_calibration_database: {"s0_player_2": {"angle": 48.8, "target_id": "player_2", "pitch": 7.4}, "s0_player_3": {"angle": 109.2, "target_id": "player_3", "pitch": -11.3}, "s0_player_4": {"angle": 169.3, "target_id": "player_4", "pitch": -12.9}, "s0_self": {"angle": 319.7, "target_id": "self", "pitch": 55.4}, "s1_player_1": {"angle": 248.6, "target_id": "player_1", "pitch": 6.9}, "s1_player_3": {"angle": 169.4, "target_id": "player_3", "pitch": -6.4}, "s1_player_4": {"angle": 197.1, "target_id": "player_4", "pitch": -11.5}, "s1_self": {"angle": 355.1, "target_id": "self", "pitch": 41.7}, "s2_player_1": {"angle": 264.5, "target_id": "player_1", "pitch": -8.4}, "s2_player_2": {"angle": 315.2, "target_id": "player_2", "pitch": -11.7}, "s2_player_4": {"angle": 224.2, "target_id": "player_4", "pitch": -6.3}, "s2_self": {"angle": 64.8, "target_id": "self", "pitch": 36.1}, "s3_player_1": {"angle": 312.9, "target_id": "player_1", "pitch": -16.1}, "s3_player_2": {"angle": 353.9, "target_id": "player_2", "pitch": 7.6}, "s3_player_3": {"angle": 36.5, "target_id": "player_3", "pitch": 27.0}}
------------------------------------------------------------
[2026-08-13 17:01:02.533] [CALIBRATION_STEP_SAVED]
  step_key: s3_self
  target_name: В СЕБЯ
  default_target: self
  angle: 200.4
  pitch: 42.8
  remaining_queue_len: 0
  compass_calibration_database: {"s0_player_2": {"angle": 48.8, "target_id": "player_2", "pitch": 7.4}, "s0_player_3": {"angle": 109.2, "target_id": "player_3", "pitch": -11.3}, "s0_player_4": {"angle": 169.3, "target_id": "player_4", "pitch": -12.9}, "s0_self": {"angle": 319.7, "target_id": "self", "pitch": 55.4}, "s1_player_1": {"angle": 248.6, "target_id": "player_1", "pitch": 6.9}, "s1_player_3": {"angle": 169.4, "target_id": "player_3", "pitch": -6.4}, "s1_player_4": {"angle": 197.1, "target_id": "player_4", "pitch": -11.5}, "s1_self": {"angle": 355.1, "target_id": "self", "pitch": 41.7}, "s2_player_1": {"angle": 264.5, "target_id": "player_1", "pitch": -8.4}, "s2_player_2": {"angle": 315.2, "target_id": "player_2", "pitch": -11.7}, "s2_player_4": {"angle": 224.2, "target_id": "player_4", "pitch": -6.3}, "s2_self": {"angle": 64.8, "target_id": "self", "pitch": 36.1}, "s3_player_1": {"angle": 312.9, "target_id": "player_1", "pitch": -16.1}, "s3_player_2": {"angle": 353.9, "target_id": "player_2", "pitch": 7.6}, "s3_player_3": {"angle": 36.5, "target_id": "player_3", "pitch": 27.0}, "s3_self": {"angle": 200.4, "target_id": "self", "pitch": 42.8}}
------------------------------------------------------------
[2026-08-13 17:02:06.218] [SHOT_PROCESSED]
  incoming_angle: 300.0
  incoming_pitch: 57.9
  game_mode: multiplayer
  game_phase: player_turn
  current_shooter: {"id": "5aa08ca4", "name": "123", "number": 1}
  shooter_s_idx: 0
  all_participants: [{"id": "5aa08ca4", "name": "123"}, {"id": "4c063a1b", "name": "456"}, {"id": "9d858d41", "name": "789"}, {"id": "e95aa74b", "name": "000"}]
  compass_calibration_state: {"s0_player_2": {"angle": 48.8, "target_id": "player_2", "pitch": 7.4}, "s0_player_3": {"angle": 109.2, "target_id": "player_3", "pitch": -11.3}, "s0_player_4": {"angle": 169.3, "target_id": "player_4", "pitch": -12.9}, "s0_self": {"angle": 319.7, "target_id": "self", "pitch": 55.4}, "s1_player_1": {"angle": 248.6, "target_id": "player_1", "pitch": 6.9}, "s1_player_3": {"angle": 169.4, "target_id": "player_3", "pitch": -6.4}, "s1_player_4": {"angle": 197.1, "target_id": "player_4", "pitch": -11.5}, "s1_self": {"angle": 355.1, "target_id": "self", "pitch": 41.7}, "s2_player_1": {"angle": 264.5, "target_id": "player_1", "pitch": -8.4}, "s2_player_2": {"angle": 315.2, "target_id": "player_2", "pitch": -11.7}, "s2_player_4": {"angle": 224.2, "target_id": "player_4", "pitch": -6.3}, "s2_self": {"angle": 64.8, "target_id": "self", "pitch": 36.1}, "s3_player_1": {"angle": 312.9, "target_id": "player_1", "pitch": -16.1}, "s3_player_2": {"angle": 353.9, "target_id": "player_2", "pitch": 7.6}, "s3_player_3": {"angle": 36.5, "target_id": "player_3", "pitch": 27.0}, "s3_self": {"angle": 200.4, "target_id": "self", "pitch": 42.8}}
  self_check: {"self_pitch_threshold": 41.55, "is_self_shot": true}
  spatial_check: {"best_idx": 0, "assigned_target": "self"}
  final_target: {"actual_target_id": "5aa08ca4", "target_name": "123 (В СЕБЯ 🎯)", "is_self_shot": true}
------------------------------------------------------------
[2026-08-13 17:02:09.186] [SHOT_PROCESSED]
  incoming_angle: 46.8
  incoming_pitch: -5.1
  game_mode: multiplayer
  game_phase: player_turn
  current_shooter: {"id": "5aa08ca4", "name": "123", "number": 1}
  shooter_s_idx: 0
  all_participants: [{"id": "5aa08ca4", "name": "123"}, {"id": "4c063a1b", "name": "456"}, {"id": "9d858d41", "name": "789"}, {"id": "e95aa74b", "name": "000"}]
  compass_calibration_state: {"s0_player_2": {"angle": 48.8, "target_id": "player_2", "pitch": 7.4}, "s0_player_3": {"angle": 109.2, "target_id": "player_3", "pitch": -11.3}, "s0_player_4": {"angle": 169.3, "target_id": "player_4", "pitch": -12.9}, "s0_self": {"angle": 319.7, "target_id": "self", "pitch": 55.4}, "s1_player_1": {"angle": 248.6, "target_id": "player_1", "pitch": 6.9}, "s1_player_3": {"angle": 169.4, "target_id": "player_3", "pitch": -6.4}, "s1_player_4": {"angle": 197.1, "target_id": "player_4", "pitch": -11.5}, "s1_self": {"angle": 355.1, "target_id": "self", "pitch": 41.7}, "s2_player_1": {"angle": 264.5, "target_id": "player_1", "pitch": -8.4}, "s2_player_2": {"angle": 315.2, "target_id": "player_2", "pitch": -11.7}, "s2_player_4": {"angle": 224.2, "target_id": "player_4", "pitch": -6.3}, "s2_self": {"angle": 64.8, "target_id": "self", "pitch": 36.1}, "s3_player_1": {"angle": 312.9, "target_id": "player_1", "pitch": -16.1}, "s3_player_2": {"angle": 353.9, "target_id": "player_2", "pitch": 7.6}, "s3_player_3": {"angle": 36.5, "target_id": "player_3", "pitch": 27.0}, "s3_self": {"angle": 200.4, "target_id": "self", "pitch": 42.8}}
  self_check: {"self_pitch_threshold": 41.55, "is_self_shot": false}
  spatial_check: {"best_idx": "s0_player_2", "assigned_target": "player_2"}
  final_target: {"actual_target_id": "4c063a1b", "target_name": "456", "is_self_shot": false}
------------------------------------------------------------
[2026-08-13 17:02:18.797] [SHOT_PROCESSED]
  incoming_angle: 17.6
  incoming_pitch: 48.1
  game_mode: multiplayer
  game_phase: player_turn
  current_shooter: {"id": "4c063a1b", "name": "456", "number": 2}
  shooter_s_idx: 1
  all_participants: [{"id": "5aa08ca4", "name": "123"}, {"id": "4c063a1b", "name": "456"}, {"id": "9d858d41", "name": "789"}, {"id": "e95aa74b", "name": "000"}]
  compass_calibration_state: {"s0_player_2": {"angle": 48.8, "target_id": "player_2", "pitch": 7.4}, "s0_player_3": {"angle": 109.2, "target_id": "player_3", "pitch": -11.3}, "s0_player_4": {"angle": 169.3, "target_id": "player_4", "pitch": -12.9}, "s0_self": {"angle": 319.7, "target_id": "self", "pitch": 55.4}, "s1_player_1": {"angle": 248.6, "target_id": "player_1", "pitch": 6.9}, "s1_player_3": {"angle": 169.4, "target_id": "player_3", "pitch": -6.4}, "s1_player_4": {"angle": 197.1, "target_id": "player_4", "pitch": -11.5}, "s1_self": {"angle": 355.1, "target_id": "self", "pitch": 41.7}, "s2_player_1": {"angle": 264.5, "target_id": "player_1", "pitch": -8.4}, "s2_player_2": {"angle": 315.2, "target_id": "player_2", "pitch": -11.7}, "s2_player_4": {"angle": 224.2, "target_id": "player_4", "pitch": -6.3}, "s2_self": {"angle": 64.8, "target_id": "self", "pitch": 36.1}, "s3_player_1": {"angle": 312.9, "target_id": "player_1", "pitch": -16.1}, "s3_player_2": {"angle": 353.9, "target_id": "player_2", "pitch": 7.6}, "s3_player_3": {"angle": 36.5, "target_id": "player_3", "pitch": 27.0}, "s3_self": {"angle": 200.4, "target_id": "self", "pitch": 42.8}}
  self_check: {"self_pitch_threshold": 31.275000000000002, "is_self_shot": true}
  spatial_check: {"best_idx": 0, "assigned_target": "self"}
  final_target: {"actual_target_id": "4c063a1b", "target_name": "456 (В СЕБЯ 🎯)", "is_self_shot": true}
------------------------------------------------------------
[2026-08-13 17:02:20.618] [SHOT_PROCESSED]
  incoming_angle: 17.6
  incoming_pitch: 48.1
  game_mode: multiplayer
  game_phase: player_turn
  current_shooter: {"id": "4c063a1b", "name": "456", "number": 2}
  shooter_s_idx: 1
  all_participants: [{"id": "5aa08ca4", "name": "123"}, {"id": "4c063a1b", "name": "456"}, {"id": "9d858d41", "name": "789"}, {"id": "e95aa74b", "name": "000"}]
  compass_calibration_state: {"s0_player_2": {"angle": 48.8, "target_id": "player_2", "pitch": 7.4}, "s0_player_3": {"angle": 109.2, "target_id": "player_3", "pitch": -11.3}, "s0_player_4": {"angle": 169.3, "target_id": "player_4", "pitch": -12.9}, "s0_self": {"angle": 319.7, "target_id": "self", "pitch": 55.4}, "s1_player_1": {"angle": 248.6, "target_id": "player_1", "pitch": 6.9}, "s1_player_3": {"angle": 169.4, "target_id": "player_3", "pitch": -6.4}, "s1_player_4": {"angle": 197.1, "target_id": "player_4", "pitch": -11.5}, "s1_self": {"angle": 355.1, "target_id": "self", "pitch": 41.7}, "s2_player_1": {"angle": 264.5, "target_id": "player_1", "pitch": -8.4}, "s2_player_2": {"angle": 315.2, "target_id": "player_2", "pitch": -11.7}, "s2_player_4": {"angle": 224.2, "target_id": "player_4", "pitch": -6.3}, "s2_self": {"angle": 64.8, "target_id": "self", "pitch": 36.1}, "s3_player_1": {"angle": 312.9, "target_id": "player_1", "pitch": -16.1}, "s3_player_2": {"angle": 353.9, "target_id": "player_2", "pitch": 7.6}, "s3_player_3": {"angle": 36.5, "target_id": "player_3", "pitch": 27.0}, "s3_self": {"angle": 200.4, "target_id": "self", "pitch": 42.8}}
  self_check: {"self_pitch_threshold": 31.275000000000002, "is_self_shot": true}
  spatial_check: {"best_idx": 0, "assigned_target": "self"}
  final_target: {"actual_target_id": "4c063a1b", "target_name": "456 (В СЕБЯ 🎯)", "is_self_shot": true}
------------------------------------------------------------
[2026-08-13 17:02:26.600] [SHOT_PROCESSED]
  incoming_angle: 247.5
  incoming_pitch: -2.5
  game_mode: multiplayer
  game_phase: player_turn
  current_shooter: {"id": "9d858d41", "name": "789", "number": 3}
  shooter_s_idx: 2
  all_participants: [{"id": "5aa08ca4", "name": "123"}, {"id": "4c063a1b", "name": "456"}, {"id": "9d858d41", "name": "789"}, {"id": "e95aa74b", "name": "000"}]
  compass_calibration_state: {"s0_player_2": {"angle": 48.8, "target_id": "player_2", "pitch": 7.4}, "s0_player_3": {"angle": 109.2, "target_id": "player_3", "pitch": -11.3}, "s0_player_4": {"angle": 169.3, "target_id": "player_4", "pitch": -12.9}, "s0_self": {"angle": 319.7, "target_id": "self", "pitch": 55.4}, "s1_player_1": {"angle": 248.6, "target_id": "player_1", "pitch": 6.9}, "s1_player_3": {"angle": 169.4, "target_id": "player_3", "pitch": -6.4}, "s1_player_4": {"angle": 197.1, "target_id": "player_4", "pitch": -11.5}, "s1_self": {"angle": 355.1, "target_id": "self", "pitch": 41.7}, "s2_player_1": {"angle": 264.5, "target_id": "player_1", "pitch": -8.4}, "s2_player_2": {"angle": 315.2, "target_id": "player_2", "pitch": -11.7}, "s2_player_4": {"angle": 224.2, "target_id": "player_4", "pitch": -6.3}, "s2_self": {"angle": 64.8, "target_id": "self", "pitch": 36.1}, "s3_player_1": {"angle": 312.9, "target_id": "player_1", "pitch": -16.1}, "s3_player_2": {"angle": 353.9, "target_id": "player_2", "pitch": 7.6}, "s3_player_3": {"angle": 36.5, "target_id": "player_3", "pitch": 27.0}, "s3_self": {"angle": 200.4, "target_id": "self", "pitch": 42.8}}
  self_check: {"self_pitch_threshold": 27.075000000000003, "is_self_shot": false}
  spatial_check: {"best_idx": "s2_player_1", "assigned_target": "player_1"}
  final_target: {"actual_target_id": "5aa08ca4", "target_name": "123", "is_self_shot": false}
------------------------------------------------------------
[2026-08-13 17:02:35.512] [SHOT_PROCESSED]
  incoming_angle: 34.3
  incoming_pitch: -7.0
  game_mode: multiplayer
  game_phase: player_turn
  current_shooter: {"id": "e95aa74b", "name": "000", "number": 4}
  shooter_s_idx: 3
  all_participants: [{"id": "5aa08ca4", "name": "123"}, {"id": "4c063a1b", "name": "456"}, {"id": "9d858d41", "name": "789"}, {"id": "e95aa74b", "name": "000"}]
  compass_calibration_state: {"s0_player_2": {"angle": 48.8, "target_id": "player_2", "pitch": 7.4}, "s0_player_3": {"angle": 109.2, "target_id": "player_3", "pitch": -11.3}, "s0_player_4": {"angle": 169.3, "target_id": "player_4", "pitch": -12.9}, "s0_self": {"angle": 319.7, "target_id": "self", "pitch": 55.4}, "s1_player_1": {"angle": 248.6, "target_id": "player_1", "pitch": 6.9}, "s1_player_3": {"angle": 169.4, "target_id": "player_3", "pitch": -6.4}, "s1_player_4": {"angle": 197.1, "target_id": "player_4", "pitch": -11.5}, "s1_self": {"angle": 355.1, "target_id": "self", "pitch": 41.7}, "s2_player_1": {"angle": 264.5, "target_id": "player_1", "pitch": -8.4}, "s2_player_2": {"angle": 315.2, "target_id": "player_2", "pitch": -11.7}, "s2_player_4": {"angle": 224.2, "target_id": "player_4", "pitch": -6.3}, "s2_self": {"angle": 64.8, "target_id": "self", "pitch": 36.1}, "s3_player_1": {"angle": 312.9, "target_id": "player_1", "pitch": -16.1}, "s3_player_2": {"angle": 353.9, "target_id": "player_2", "pitch": 7.6}, "s3_player_3": {"angle": 36.5, "target_id": "player_3", "pitch": 27.0}, "s3_self": {"angle": 200.4, "target_id": "self", "pitch": 42.8}}
  self_check: {"self_pitch_threshold": 32.099999999999994, "is_self_shot": false}
  spatial_check: {"best_idx": "s3_player_3", "assigned_target": "player_3"}
  final_target: {"actual_target_id": "9d858d41", "target_name": "789", "is_self_shot": false}
------------------------------------------------------------
[2026-08-13 17:02:48.855] [SHOT_PROCESSED]
  incoming_angle: 47.0
  incoming_pitch: -9.3
  game_mode: multiplayer
  game_phase: player_turn
  current_shooter: {"id": "e95aa74b", "name": "000", "number": 4}
  shooter_s_idx: 3
  all_participants: [{"id": "5aa08ca4", "name": "123"}, {"id": "4c063a1b", "name": "456"}, {"id": "9d858d41", "name": "789"}, {"id": "e95aa74b", "name": "000"}]
  compass_calibration_state: {"s0_player_2": {"angle": 48.8, "target_id": "player_2", "pitch": 7.4}, "s0_player_3": {"angle": 109.2, "target_id": "player_3", "pitch": -11.3}, "s0_player_4": {"angle": 169.3, "target_id": "player_4", "pitch": -12.9}, "s0_self": {"angle": 319.7, "target_id": "self", "pitch": 55.4}, "s1_player_1": {"angle": 248.6, "target_id": "player_1", "pitch": 6.9}, "s1_player_3": {"angle": 169.4, "target_id": "player_3", "pitch": -6.4}, "s1_player_4": {"angle": 197.1, "target_id": "player_4", "pitch": -11.5}, "s1_self": {"angle": 355.1, "target_id": "self", "pitch": 41.7}, "s2_player_1": {"angle": 264.5, "target_id": "player_1", "pitch": -8.4}, "s2_player_2": {"angle": 315.2, "target_id": "player_2", "pitch": -11.7}, "s2_player_4": {"angle": 224.2, "target_id": "player_4", "pitch": -6.3}, "s2_self": {"angle": 64.8, "target_id": "self", "pitch": 36.1}, "s3_player_1": {"angle": 312.9, "target_id": "player_1", "pitch": -16.1}, "s3_player_2": {"angle": 353.9, "target_id": "player_2", "pitch": 7.6}, "s3_player_3": {"angle": 36.5, "target_id": "player_3", "pitch": 27.0}, "s3_self": {"angle": 200.4, "target_id": "self", "pitch": 42.8}}
  self_check: {"self_pitch_threshold": 32.099999999999994, "is_self_shot": false}
  spatial_check: {"best_idx": "s3_player_3", "assigned_target": "player_3"}
  final_target: {"actual_target_id": "9d858d41", "target_name": "789", "is_self_shot": false}
------------------------------------------------------------
[2026-08-13 17:24:45.208] [CALIBRATION_STARTED]
  game_mode: multiplayer
  participants: [["player_1", "Игрок 1"], ["player_2", "Игрок 2"], ["player_3", "Игрок 3"]]
  queue_length: 9
  queue: [{"key": "s0_player_2", "shooter_idx": 0, "shooter_name": "Игрок 1", "target_id": "player_2", "target_name": "Игрок 2", "prompt": "🎯 Игрок 1 ➔ Наведите на Игрок 2"}, {"key": "s0_player_3", "shooter_idx": 0, "shooter_name": "Игрок 1", "target_id": "player_3", "target_name": "Игрок 3", "prompt": "🎯 Игрок 1 ➔ Наведите на Игрок 3"}, {"key": "s0_self", "shooter_idx": 0, "shooter_name": "Игрок 1", "target_id": "self", "target_name": "В СЕБЯ", "prompt": "🎯 Игрок 1 ➔ В СЕБЯ (наведите на себя — горизонтально или вверх)"}, {"key": "s1_player_1", "shooter_idx": 1, "shooter_name": "Игрок 2", "target_id": "player_1", "target_name": "Игрок 1", "prompt": "🎯 Игрок 2 ➔ Наведите на Игрок 1"}, {"key": "s1_player_3", "shooter_idx": 1, "shooter_name": "Игрок 2", "target_id": "player_3", "target_name": "Игрок 3", "prompt": "🎯 Игрок 2 ➔ Наведите на Игрок 3"}, {"key": "s1_self", "shooter_idx": 1, "shooter_name": "Игрок 2", "target_id": "self", "target_name": "В СЕБЯ", "prompt": "🎯 Игрок 2 ➔ В СЕБЯ (наведите на себя — горизонтально или вверх)"}, {"key": "s2_player_1", "shooter_idx": 2, "shooter_name": "Игрок 3", "target_id": "player_1", "target_name": "Игрок 1", "prompt": "🎯 Игрок 3 ➔ Наведите на Игрок 1"}, {"key": "s2_player_2", "shooter_idx": 2, "shooter_name": "Игрок 3", "target_id": "player_2", "target_name": "Игрок 2", "prompt": "🎯 Игрок 3 ➔ Наведите на Игрок 2"}, {"key": "s2_self", "shooter_idx": 2, "shooter_name": "Игрок 3", "target_id": "self", "target_name": "В СЕБЯ", "prompt": "🎯 Игрок 3 ➔ В СЕБЯ (наведите на себя — горизонтально или вверх)"}]
------------------------------------------------------------
[2026-08-13 17:24:58.262] [CALIBRATION_STARTED]
  game_mode: multiplayer
  participants: [["player_1", "Игрок 1"], ["player_2", "Игрок 2"], ["player_3", "Игрок 3"]]
  queue_length: 9
  queue: [{"key": "s0_player_2", "shooter_idx": 0, "shooter_name": "Игрок 1", "target_id": "player_2", "target_name": "Игрок 2", "prompt": "🎯 Игрок 1 ➔ Наведите на Игрок 2"}, {"key": "s0_player_3", "shooter_idx": 0, "shooter_name": "Игрок 1", "target_id": "player_3", "target_name": "Игрок 3", "prompt": "🎯 Игрок 1 ➔ Наведите на Игрок 3"}, {"key": "s0_self", "shooter_idx": 0, "shooter_name": "Игрок 1", "target_id": "self", "target_name": "В СЕБЯ", "prompt": "🎯 Игрок 1 ➔ В СЕБЯ (наведите на себя — горизонтально или вверх)"}, {"key": "s1_player_1", "shooter_idx": 1, "shooter_name": "Игрок 2", "target_id": "player_1", "target_name": "Игрок 1", "prompt": "🎯 Игрок 2 ➔ Наведите на Игрок 1"}, {"key": "s1_player_3", "shooter_idx": 1, "shooter_name": "Игрок 2", "target_id": "player_3", "target_name": "Игрок 3", "prompt": "🎯 Игрок 2 ➔ Наведите на Игрок 3"}, {"key": "s1_self", "shooter_idx": 1, "shooter_name": "Игрок 2", "target_id": "self", "target_name": "В СЕБЯ", "prompt": "🎯 Игрок 2 ➔ В СЕБЯ (наведите на себя — горизонтально или вверх)"}, {"key": "s2_player_1", "shooter_idx": 2, "shooter_name": "Игрок 3", "target_id": "player_1", "target_name": "Игрок 1", "prompt": "🎯 Игрок 3 ➔ Наведите на Игрок 1"}, {"key": "s2_player_2", "shooter_idx": 2, "shooter_name": "Игрок 3", "target_id": "player_2", "target_name": "Игрок 2", "prompt": "🎯 Игрок 3 ➔ Наведите на Игрок 2"}, {"key": "s2_self", "shooter_idx": 2, "shooter_name": "Игрок 3", "target_id": "self", "target_name": "В СЕБЯ", "prompt": "🎯 Игрок 3 ➔ В СЕБЯ (наведите на себя — горизонтально или вверх)"}]
------------------------------------------------------------
[2026-08-13 17:25:06.403] [CALIBRATION_STEP_SAVED]
  step_key: s0_player_2
  target_name: Игрок 2
  default_target: player_2
  angle: 93.6
  pitch: -8.4
  remaining_queue_len: 8
  compass_calibration_database: {"s0_player_2": {"angle": 93.6, "target_id": "player_2", "pitch": -8.4}}
------------------------------------------------------------
[2026-08-13 17:25:13.154] [CALIBRATION_STEP_SAVED]
  step_key: s0_player_3
  target_name: Игрок 3
  default_target: player_3
  angle: 150.6
  pitch: -15.3
  remaining_queue_len: 7
  compass_calibration_database: {"s0_player_2": {"angle": 93.6, "target_id": "player_2", "pitch": -8.4}, "s0_player_3": {"angle": 150.6, "target_id": "player_3", "pitch": -15.3}}
------------------------------------------------------------
[2026-08-13 17:25:17.470] [CALIBRATION_STEP_SAVED]
  step_key: s0_self
  target_name: В СЕБЯ
  default_target: self
  angle: 105.7
  pitch: 10.5
  remaining_queue_len: 6
  compass_calibration_database: {"s0_player_2": {"angle": 93.6, "target_id": "player_2", "pitch": -8.4}, "s0_player_3": {"angle": 150.6, "target_id": "player_3", "pitch": -15.3}, "s0_self": {"angle": 105.7, "target_id": "self", "pitch": 10.5}}
------------------------------------------------------------
[2026-08-13 17:25:20.126] [CALIBRATION_STEP_SAVED]
  step_key: s1_player_1
  target_name: Игрок 1
  default_target: player_1
  angle: 15.7
  pitch: 49.5
  remaining_queue_len: 5
  compass_calibration_database: {"s0_player_2": {"angle": 93.6, "target_id": "player_2", "pitch": -8.4}, "s0_player_3": {"angle": 150.6, "target_id": "player_3", "pitch": -15.3}, "s0_self": {"angle": 105.7, "target_id": "self", "pitch": 10.5}, "s1_player_1": {"angle": 15.7, "target_id": "player_1", "pitch": 49.5}}
------------------------------------------------------------
[2026-08-13 17:25:28.463] [CALIBRATION_STEP_SAVED]
  step_key: s1_player_3
  target_name: Игрок 3
  default_target: player_3
  angle: 310.5
  pitch: -5.5
  remaining_queue_len: 4
  compass_calibration_database: {"s0_player_2": {"angle": 93.6, "target_id": "player_2", "pitch": -8.4}, "s0_player_3": {"angle": 150.6, "target_id": "player_3", "pitch": -15.3}, "s0_self": {"angle": 105.7, "target_id": "self", "pitch": 10.5}, "s1_player_1": {"angle": 15.7, "target_id": "player_1", "pitch": 49.5}, "s1_player_3": {"angle": 310.5, "target_id": "player_3", "pitch": -5.5}}
------------------------------------------------------------
[2026-08-13 17:25:46.824] [CALIBRATION_STEP_SAVED]
  step_key: s1_self
  target_name: В СЕБЯ
  default_target: self
  angle: 82.9
  pitch: 53.2
  remaining_queue_len: 3
  compass_calibration_database: {"s0_player_2": {"angle": 93.6, "target_id": "player_2", "pitch": -8.4}, "s0_player_3": {"angle": 150.6, "target_id": "player_3", "pitch": -15.3}, "s0_self": {"angle": 105.7, "target_id": "self", "pitch": 10.5}, "s1_player_1": {"angle": 15.7, "target_id": "player_1", "pitch": 49.5}, "s1_player_3": {"angle": 310.5, "target_id": "player_3", "pitch": -5.5}, "s1_self": {"angle": 82.9, "target_id": "self", "pitch": 53.2}}
------------------------------------------------------------
[2026-08-13 17:25:50.606] [CALIBRATION_STEP_SAVED]
  step_key: s2_player_1
  target_name: Игрок 1
  default_target: player_1
  angle: 358.2
  pitch: -10.6
  remaining_queue_len: 2
  compass_calibration_database: {"s0_player_2": {"angle": 93.6, "target_id": "player_2", "pitch": -8.4}, "s0_player_3": {"angle": 150.6, "target_id": "player_3", "pitch": -15.3}, "s0_self": {"angle": 105.7, "target_id": "self", "pitch": 10.5}, "s1_player_1": {"angle": 15.7, "target_id": "player_1", "pitch": 49.5}, "s1_player_3": {"angle": 310.5, "target_id": "player_3", "pitch": -5.5}, "s1_self": {"angle": 82.9, "target_id": "self", "pitch": 53.2}, "s2_player_1": {"angle": 358.2, "target_id": "player_1", "pitch": -10.6}}
------------------------------------------------------------
[2026-08-13 17:25:52.621] [CALIBRATION_STEP_SAVED]
  step_key: s2_player_2
  target_name: Игрок 2
  default_target: player_2
  angle: 46.5
  pitch: -11.9
  remaining_queue_len: 1
  compass_calibration_database: {"s0_player_2": {"angle": 93.6, "target_id": "player_2", "pitch": -8.4}, "s0_player_3": {"angle": 150.6, "target_id": "player_3", "pitch": -15.3}, "s0_self": {"angle": 105.7, "target_id": "self", "pitch": 10.5}, "s1_player_1": {"angle": 15.7, "target_id": "player_1", "pitch": 49.5}, "s1_player_3": {"angle": 310.5, "target_id": "player_3", "pitch": -5.5}, "s1_self": {"angle": 82.9, "target_id": "self", "pitch": 53.2}, "s2_player_1": {"angle": 358.2, "target_id": "player_1", "pitch": -10.6}, "s2_player_2": {"angle": 46.5, "target_id": "player_2", "pitch": -11.9}}
------------------------------------------------------------
[2026-08-13 17:25:55.042] [CALIBRATION_STEP_SAVED]
  step_key: s2_self
  target_name: В СЕБЯ
  default_target: self
  angle: 145.4
  pitch: 37.1
  remaining_queue_len: 0
  compass_calibration_database: {"s0_player_2": {"angle": 93.6, "target_id": "player_2", "pitch": -8.4}, "s0_player_3": {"angle": 150.6, "target_id": "player_3", "pitch": -15.3}, "s0_self": {"angle": 105.7, "target_id": "self", "pitch": 10.5}, "s1_player_1": {"angle": 15.7, "target_id": "player_1", "pitch": 49.5}, "s1_player_3": {"angle": 310.5, "target_id": "player_3", "pitch": -5.5}, "s1_self": {"angle": 82.9, "target_id": "self", "pitch": 53.2}, "s2_player_1": {"angle": 358.2, "target_id": "player_1", "pitch": -10.6}, "s2_player_2": {"angle": 46.5, "target_id": "player_2", "pitch": -11.9}, "s2_self": {"angle": 145.4, "target_id": "self", "pitch": 37.1}}
------------------------------------------------------------
[2026-08-13 17:40:34.167] [CALIBRATION_STARTED]
  game_mode: multiplayer
  participants: [["player_1", "Игрок 1"], ["player_2", "Игрок 2"]]
  queue_length: 4
  queue: [{"key": "s0_player_2", "shooter_idx": 0, "shooter_name": "Игрок 1", "target_id": "player_2", "target_name": "Игрок 2", "prompt": "🎯 Игрок 1 ➔ Наведите на Игрок 2"}, {"key": "s0_self", "shooter_idx": 0, "shooter_name": "Игрок 1", "target_id": "self", "target_name": "В СЕБЯ", "prompt": "🎯 Игрок 1 ➔ В СЕБЯ (наведите на себя — горизонтально или вверх)"}, {"key": "s1_player_1", "shooter_idx": 1, "shooter_name": "Игрок 2", "target_id": "player_1", "target_name": "Игрок 1", "prompt": "🎯 Игрок 2 ➔ Наведите на Игрок 1"}, {"key": "s1_self", "shooter_idx": 1, "shooter_name": "Игрок 2", "target_id": "self", "target_name": "В СЕБЯ", "prompt": "🎯 Игрок 2 ➔ В СЕБЯ (наведите на себя — горизонтально или вверх)"}]
------------------------------------------------------------
[2026-08-13 17:40:49.576] [CALIBRATION_STEP_SAVED]
  step_key: s0_player_2
  target_name: Игрок 2
  default_target: player_2
  angle: 147.2
  pitch: -7.8
  remaining_queue_len: 3
  compass_calibration_database: {"s0_player_2": {"angle": 147.2, "target_id": "player_2", "pitch": -7.8}}
------------------------------------------------------------
[2026-08-13 17:40:53.626] [CALIBRATION_STARTED]
  game_mode: multiplayer
  participants: [["player_1", "Игрок 1"], ["player_2", "Игрок 2"]]
  queue_length: 4
  queue: [{"key": "s0_player_2", "shooter_idx": 0, "shooter_name": "Игрок 1", "target_id": "player_2", "target_name": "Игрок 2", "prompt": "🎯 Игрок 1 ➔ Наведите на Игрок 2"}, {"key": "s0_self", "shooter_idx": 0, "shooter_name": "Игрок 1", "target_id": "self", "target_name": "В СЕБЯ", "prompt": "🎯 Игрок 1 ➔ В СЕБЯ (наведите на себя — горизонтально или вверх)"}, {"key": "s1_player_1", "shooter_idx": 1, "shooter_name": "Игрок 2", "target_id": "player_1", "target_name": "Игрок 1", "prompt": "🎯 Игрок 2 ➔ Наведите на Игрок 1"}, {"key": "s1_self", "shooter_idx": 1, "shooter_name": "Игрок 2", "target_id": "self", "target_name": "В СЕБЯ", "prompt": "🎯 Игрок 2 ➔ В СЕБЯ (наведите на себя — горизонтально или вверх)"}]
------------------------------------------------------------
[2026-08-13 17:40:58.934] [CALIBRATION_STEP_SAVED]
  step_key: s0_player_2
  target_name: Игрок 2
  default_target: player_2
  angle: 145.9
  pitch: -10.0
  remaining_queue_len: 3
  compass_calibration_database: {"s0_player_2": {"angle": 145.9, "target_id": "player_2", "pitch": -10.0}}
------------------------------------------------------------
[2026-08-13 17:41:15.854] [CALIBRATION_STARTED]
  game_mode: multiplayer
  participants: [["player_1", "Игрок 1"], ["player_2", "Игрок 2"], ["player_3", "Игрок 3"], ["player_4", "Игрок 4"]]
  queue_length: 16
  queue: [{"key": "s0_player_2", "shooter_idx": 0, "shooter_name": "Игрок 1", "target_id": "player_2", "target_name": "Игрок 2", "prompt": "🎯 Игрок 1 ➔ Наведите на Игрок 2"}, {"key": "s0_player_3", "shooter_idx": 0, "shooter_name": "Игрок 1", "target_id": "player_3", "target_name": "Игрок 3", "prompt": "🎯 Игрок 1 ➔ Наведите на Игрок 3"}, {"key": "s0_player_4", "shooter_idx": 0, "shooter_name": "Игрок 1", "target_id": "player_4", "target_name": "Игрок 4", "prompt": "🎯 Игрок 1 ➔ Наведите на Игрок 4"}, {"key": "s0_self", "shooter_idx": 0, "shooter_name": "Игрок 1", "target_id": "self", "target_name": "В СЕБЯ", "prompt": "🎯 Игрок 1 ➔ В СЕБЯ (наведите на себя — горизонтально или вверх)"}, {"key": "s1_player_1", "shooter_idx": 1, "shooter_name": "Игрок 2", "target_id": "player_1", "target_name": "Игрок 1", "prompt": "🎯 Игрок 2 ➔ Наведите на Игрок 1"}, {"key": "s1_player_3", "shooter_idx": 1, "shooter_name": "Игрок 2", "target_id": "player_3", "target_name": "Игрок 3", "prompt": "🎯 Игрок 2 ➔ Наведите на Игрок 3"}, {"key": "s1_player_4", "shooter_idx": 1, "shooter_name": "Игрок 2", "target_id": "player_4", "target_name": "Игрок 4", "prompt": "🎯 Игрок 2 ➔ Наведите на Игрок 4"}, {"key": "s1_self", "shooter_idx": 1, "shooter_name": "Игрок 2", "target_id": "self", "target_name": "В СЕБЯ", "prompt": "🎯 Игрок 2 ➔ В СЕБЯ (наведите на себя — горизонтально или вверх)"}, {"key": "s2_player_1", "shooter_idx": 2, "shooter_name": "Игрок 3", "target_id": "player_1", "target_name": "Игрок 1", "prompt": "🎯 Игрок 3 ➔ Наведите на Игрок 1"}, {"key": "s2_player_2", "shooter_idx": 2, "shooter_name": "Игрок 3", "target_id": "player_2", "target_name": "Игрок 2", "prompt": "🎯 Игрок 3 ➔ Наведите на Игрок 2"}, {"key": "s2_player_4", "shooter_idx": 2, "shooter_name": "Игрок 3", "target_id": "player_4", "target_name": "Игрок 4", "prompt": "🎯 Игрок 3 ➔ Наведите на Игрок 4"}, {"key": "s2_self", "shooter_idx": 2, "shooter_name": "Игрок 3", "target_id": "self", "target_name": "В СЕБЯ", "prompt": "🎯 Игрок 3 ➔ В СЕБЯ (наведите на себя — горизонтально или вверх)"}, {"key": "s3_player_1", "shooter_idx": 3, "shooter_name": "Игрок 4", "target_id": "player_1", "target_name": "Игрок 1", "prompt": "🎯 Игрок 4 ➔ Наведите на Игрок 1"}, {"key": "s3_player_2", "shooter_idx": 3, "shooter_name": "Игрок 4", "target_id": "player_2", "target_name": "Игрок 2", "prompt": "🎯 Игрок 4 ➔ Наведите на Игрок 2"}, {"key": "s3_player_3", "shooter_idx": 3, "shooter_name": "Игрок 4", "target_id": "player_3", "target_name": "Игрок 3", "prompt": "🎯 Игрок 4 ➔ Наведите на Игрок 3"}, {"key": "s3_self", "shooter_idx": 3, "shooter_name": "Игрок 4", "target_id": "self", "target_name": "В СЕБЯ", "prompt": "🎯 Игрок 4 ➔ В СЕБЯ (наведите на себя — горизонтально или вверх)"}]
------------------------------------------------------------
[2026-08-13 17:41:21.185] [CALIBRATION_STEP_SAVED]
  step_key: s0_player_2
  target_name: Игрок 2
  default_target: player_2
  angle: 136.4
  pitch: -8.8
  remaining_queue_len: 15
  compass_calibration_database: {"s0_player_2": {"angle": 136.4, "target_id": "player_2", "pitch": -8.8}}
------------------------------------------------------------
[2026-08-13 17:41:23.046] [CALIBRATION_STEP_SAVED]
  step_key: s0_player_3
  target_name: Игрок 3
  default_target: player_3
  angle: 136.4
  pitch: -8.8
  remaining_queue_len: 14
  compass_calibration_database: {"s0_player_2": {"angle": 136.4, "target_id": "player_2", "pitch": -8.8}, "s0_player_3": {"angle": 136.4, "target_id": "player_3", "pitch": -8.8}}
------------------------------------------------------------
[2026-08-13 17:41:23.539] [CALIBRATION_STEP_SAVED]
  step_key: s0_player_4
  target_name: Игрок 4
  default_target: player_4
  angle: 145.9
  pitch: -10.0
  remaining_queue_len: 13
  compass_calibration_database: {"s0_player_2": {"angle": 136.4, "target_id": "player_2", "pitch": -8.8}, "s0_player_3": {"angle": 136.4, "target_id": "player_3", "pitch": -8.8}, "s0_player_4": {"angle": 145.9, "target_id": "player_4", "pitch": -10.0}}
------------------------------------------------------------
[2026-08-13 17:41:29.255] [CALIBRATION_STARTED]
  game_mode: multiplayer
  participants: [["player_1", "Игрок 1"], ["player_2", "Игрок 2"], ["player_3", "Игрок 3"], ["player_4", "Игрок 4"]]
  queue_length: 16
  queue: [{"key": "s0_player_2", "shooter_idx": 0, "shooter_name": "Игрок 1", "target_id": "player_2", "target_name": "Игрок 2", "prompt": "🎯 Игрок 1 ➔ Наведите на Игрок 2"}, {"key": "s0_player_3", "shooter_idx": 0, "shooter_name": "Игрок 1", "target_id": "player_3", "target_name": "Игрок 3", "prompt": "🎯 Игрок 1 ➔ Наведите на Игрок 3"}, {"key": "s0_player_4", "shooter_idx": 0, "shooter_name": "Игрок 1", "target_id": "player_4", "target_name": "Игрок 4", "prompt": "🎯 Игрок 1 ➔ Наведите на Игрок 4"}, {"key": "s0_self", "shooter_idx": 0, "shooter_name": "Игрок 1", "target_id": "self", "target_name": "В СЕБЯ", "prompt": "🎯 Игрок 1 ➔ В СЕБЯ (наведите на себя — горизонтально или вверх)"}, {"key": "s1_player_1", "shooter_idx": 1, "shooter_name": "Игрок 2", "target_id": "player_1", "target_name": "Игрок 1", "prompt": "🎯 Игрок 2 ➔ Наведите на Игрок 1"}, {"key": "s1_player_3", "shooter_idx": 1, "shooter_name": "Игрок 2", "target_id": "player_3", "target_name": "Игрок 3", "prompt": "🎯 Игрок 2 ➔ Наведите на Игрок 3"}, {"key": "s1_player_4", "shooter_idx": 1, "shooter_name": "Игрок 2", "target_id": "player_4", "target_name": "Игрок 4", "prompt": "🎯 Игрок 2 ➔ Наведите на Игрок 4"}, {"key": "s1_self", "shooter_idx": 1, "shooter_name": "Игрок 2", "target_id": "self", "target_name": "В СЕБЯ", "prompt": "🎯 Игрок 2 ➔ В СЕБЯ (наведите на себя — горизонтально или вверх)"}, {"key": "s2_player_1", "shooter_idx": 2, "shooter_name": "Игрок 3", "target_id": "player_1", "target_name": "Игрок 1", "prompt": "🎯 Игрок 3 ➔ Наведите на Игрок 1"}, {"key": "s2_player_2", "shooter_idx": 2, "shooter_name": "Игрок 3", "target_id": "player_2", "target_name": "Игрок 2", "prompt": "🎯 Игрок 3 ➔ Наведите на Игрок 2"}, {"key": "s2_player_4", "shooter_idx": 2, "shooter_name": "Игрок 3", "target_id": "player_4", "target_name": "Игрок 4", "prompt": "🎯 Игрок 3 ➔ Наведите на Игрок 4"}, {"key": "s2_self", "shooter_idx": 2, "shooter_name": "Игрок 3", "target_id": "self", "target_name": "В СЕБЯ", "prompt": "🎯 Игрок 3 ➔ В СЕБЯ (наведите на себя — горизонтально или вверх)"}, {"key": "s3_player_1", "shooter_idx": 3, "shooter_name": "Игрок 4", "target_id": "player_1", "target_name": "Игрок 1", "prompt": "🎯 Игрок 4 ➔ Наведите на Игрок 1"}, {"key": "s3_player_2", "shooter_idx": 3, "shooter_name": "Игрок 4", "target_id": "player_2", "target_name": "Игрок 2", "prompt": "🎯 Игрок 4 ➔ Наведите на Игрок 2"}, {"key": "s3_player_3", "shooter_idx": 3, "shooter_name": "Игрок 4", "target_id": "player_3", "target_name": "Игрок 3", "prompt": "🎯 Игрок 4 ➔ Наведите на Игрок 3"}, {"key": "s3_self", "shooter_idx": 3, "shooter_name": "Игрок 4", "target_id": "self", "target_name": "В СЕБЯ", "prompt": "🎯 Игрок 4 ➔ В СЕБЯ (наведите на себя — горизонтально или вверх)"}]
------------------------------------------------------------
[2026-08-13 17:41:33.992] [CALIBRATION_STEP_SAVED]
  step_key: s0_player_2
  target_name: Игрок 2
  default_target: player_2
  angle: 134.7
  pitch: -10.2
  remaining_queue_len: 15
  compass_calibration_database: {"s0_player_2": {"angle": 134.7, "target_id": "player_2", "pitch": -10.2}}
------------------------------------------------------------
[2026-08-13 17:41:37.791] [CALIBRATION_STEP_SAVED]
  step_key: s0_player_3
  target_name: Игрок 3
  default_target: player_3
  angle: 196.6
  pitch: -7.5
  remaining_queue_len: 14
  compass_calibration_database: {"s0_player_2": {"angle": 134.7, "target_id": "player_2", "pitch": -10.2}, "s0_player_3": {"angle": 196.6, "target_id": "player_3", "pitch": -7.5}}
------------------------------------------------------------
[2026-08-13 17:41:40.695] [CALIBRATION_STEP_SAVED]
  step_key: s0_player_4
  target_name: Игрок 4
  default_target: player_4
  angle: 251.9
  pitch: -11.4
  remaining_queue_len: 13
  compass_calibration_database: {"s0_player_2": {"angle": 134.7, "target_id": "player_2", "pitch": -10.2}, "s0_player_3": {"angle": 196.6, "target_id": "player_3", "pitch": -7.5}, "s0_player_4": {"angle": 251.9, "target_id": "player_4", "pitch": -11.4}}
------------------------------------------------------------
[2026-08-13 17:41:47.909] [CALIBRATION_STEP_SAVED]
  step_key: s0_self
  target_name: В СЕБЯ
  default_target: self
  angle: 47.5
  pitch: 53.3
  remaining_queue_len: 12
  compass_calibration_database: {"s0_player_2": {"angle": 134.7, "target_id": "player_2", "pitch": -10.2}, "s0_player_3": {"angle": 196.6, "target_id": "player_3", "pitch": -7.5}, "s0_player_4": {"angle": 251.9, "target_id": "player_4", "pitch": -11.4}, "s0_self": {"angle": 47.5, "target_id": "self", "pitch": 53.3}}
------------------------------------------------------------
[2026-08-13 17:41:48.134] [CALIBRATION_STEP_SAVED]
  step_key: s1_player_1
  target_name: Игрок 1
  default_target: player_1
  angle: 47.5
  pitch: 53.3
  remaining_queue_len: 11
  compass_calibration_database: {"s0_player_2": {"angle": 134.7, "target_id": "player_2", "pitch": -10.2}, "s0_player_3": {"angle": 196.6, "target_id": "player_3", "pitch": -7.5}, "s0_player_4": {"angle": 251.9, "target_id": "player_4", "pitch": -11.4}, "s0_self": {"angle": 47.5, "target_id": "self", "pitch": 53.3}, "s1_player_1": {"angle": 47.5, "target_id": "player_1", "pitch": 53.3}}
------------------------------------------------------------
[2026-08-13 17:41:50.027] [CALIBRATION_STEP_SAVED]
  step_key: s1_player_3
  target_name: Игрок 3
  default_target: player_3
  angle: 47.5
  pitch: 53.3
  remaining_queue_len: 10
  compass_calibration_database: {"s0_player_2": {"angle": 134.7, "target_id": "player_2", "pitch": -10.2}, "s0_player_3": {"angle": 196.6, "target_id": "player_3", "pitch": -7.5}, "s0_player_4": {"angle": 251.9, "target_id": "player_4", "pitch": -11.4}, "s0_self": {"angle": 47.5, "target_id": "self", "pitch": 53.3}, "s1_player_1": {"angle": 47.5, "target_id": "player_1", "pitch": 53.3}, "s1_player_3": {"angle": 47.5, "target_id": "player_3", "pitch": 53.3}}
------------------------------------------------------------
[2026-08-13 17:41:56.897] [CALIBRATION_STEP_SAVED]
  step_key: s1_player_4
  target_name: Игрок 4
  default_target: player_4
  angle: 21.4
  pitch: 54.4
  remaining_queue_len: 9
  compass_calibration_database: {"s0_player_2": {"angle": 134.7, "target_id": "player_2", "pitch": -10.2}, "s0_player_3": {"angle": 196.6, "target_id": "player_3", "pitch": -7.5}, "s0_player_4": {"angle": 251.9, "target_id": "player_4", "pitch": -11.4}, "s0_self": {"angle": 47.5, "target_id": "self", "pitch": 53.3}, "s1_player_1": {"angle": 47.5, "target_id": "player_1", "pitch": 53.3}, "s1_player_3": {"angle": 47.5, "target_id": "player_3", "pitch": 53.3}, "s1_player_4": {"angle": 21.4, "target_id": "player_4", "pitch": 54.4}}
------------------------------------------------------------
[2026-08-13 17:41:59.016] [SHOT_PROCESSED]
  incoming_angle: 24.9
  incoming_pitch: 67.2
  game_mode: multiplayer
  game_phase: lobby
  current_shooter: None
  shooter_s_idx: 0
  all_participants: []
  compass_calibration_state: {"s0_player_2": {"angle": 134.7, "target_id": "player_2", "pitch": -10.2}, "s0_player_3": {"angle": 196.6, "target_id": "player_3", "pitch": -7.5}, "s0_player_4": {"angle": 251.9, "target_id": "player_4", "pitch": -11.4}, "s0_self": {"angle": 47.5, "target_id": "self", "pitch": 53.3}, "s1_player_1": {"angle": 47.5, "target_id": "player_1", "pitch": 53.3}, "s1_player_3": {"angle": 47.5, "target_id": "player_3", "pitch": 53.3}, "s1_player_4": {"angle": 21.4, "target_id": "player_4", "pitch": 54.4}}
  self_check: {"self_pitch_threshold": 39.974999999999994, "is_self_shot": false}
  spatial_check: {"best_idx": "s1_player_4", "assigned_target": "player_4"}
  final_target: {"actual_target_id": null, "target_name": "Неизвестно", "is_self_shot": false}
------------------------------------------------------------
[2026-08-13 17:42:01.394] [CALIBRATION_STARTED]
  game_mode: multiplayer
  participants: [["player_1", "Игрок 1"], ["player_2", "Игрок 2"]]
  queue_length: 4
  queue: [{"key": "s0_player_2", "shooter_idx": 0, "shooter_name": "Игрок 1", "target_id": "player_2", "target_name": "Игрок 2", "prompt": "🎯 Игрок 1 ➔ Наведите на Игрок 2"}, {"key": "s0_self", "shooter_idx": 0, "shooter_name": "Игрок 1", "target_id": "self", "target_name": "В СЕБЯ", "prompt": "🎯 Игрок 1 ➔ В СЕБЯ (наведите на себя — горизонтально или вверх)"}, {"key": "s1_player_1", "shooter_idx": 1, "shooter_name": "Игрок 2", "target_id": "player_1", "target_name": "Игрок 1", "prompt": "🎯 Игрок 2 ➔ Наведите на Игрок 1"}, {"key": "s1_self", "shooter_idx": 1, "shooter_name": "Игрок 2", "target_id": "self", "target_name": "В СЕБЯ", "prompt": "🎯 Игрок 2 ➔ В СЕБЯ (наведите на себя — горизонтально или вверх)"}]
------------------------------------------------------------
[2026-08-13 17:42:03.670] [CALIBRATION_STEP_SAVED]
  step_key: s0_player_2
  target_name: Игрок 2
  default_target: player_2
  angle: 189.9
  pitch: -8.1
  remaining_queue_len: 3
  compass_calibration_database: {"s0_player_2": {"angle": 189.9, "target_id": "player_2", "pitch": -8.1}}
------------------------------------------------------------
[2026-08-13 17:42:09.628] [CALIBRATION_STEP_SAVED]
  step_key: s0_self
  target_name: В СЕБЯ
  default_target: self
  angle: 53.6
  pitch: 56.5
  remaining_queue_len: 2
  compass_calibration_database: {"s0_player_2": {"angle": 189.9, "target_id": "player_2", "pitch": -8.1}, "s0_self": {"angle": 53.6, "target_id": "self", "pitch": 56.5}}
------------------------------------------------------------
[2026-08-13 17:42:10.029] [CALIBRATION_STEP_SAVED]
  step_key: s1_player_1
  target_name: Игрок 1
  default_target: player_1
  angle: 53.6
  pitch: 56.5
  remaining_queue_len: 1
  compass_calibration_database: {"s0_player_2": {"angle": 189.9, "target_id": "player_2", "pitch": -8.1}, "s0_self": {"angle": 53.6, "target_id": "self", "pitch": 56.5}, "s1_player_1": {"angle": 53.6, "target_id": "player_1", "pitch": 56.5}}
------------------------------------------------------------
[2026-08-13 17:43:07.919] [SHOT_PROCESSED]
  incoming_angle: 53.6
  incoming_pitch: 56.5
  game_mode: multiplayer
  game_phase: lobby
  current_shooter: None
  shooter_s_idx: 0
  all_participants: []
  compass_calibration_state: {"s0_player_2": {"angle": 189.9, "target_id": "player_2", "pitch": -8.1}, "s0_self": {"angle": 53.6, "target_id": "self", "pitch": 56.5}, "s1_player_1": {"angle": 53.6, "target_id": "player_1", "pitch": 56.5}}
  self_check: {"self_pitch_threshold": 42.375, "is_self_shot": true}
  spatial_check: {"best_idx": "s0_self", "assigned_target": "self"}
  final_target: {"actual_target_id": null, "target_name": "Неизвестно", "is_self_shot": true}
------------------------------------------------------------
[2026-08-13 18:49:23.163] [CALIBRATION_STARTED]
  game_mode: story_one_round
  participants: [["player_1", "123 (# 1)"], ["dealer", "Дилер"]]
  queue_length: 4
  queue: [{"key": "s0_dealer", "shooter_idx": 0, "shooter_name": "123 (# 1)", "target_id": "dealer", "target_name": "Дилер", "prompt": "🎯 123 (# 1) ➔ Наведите на Дилер"}, {"key": "s0_self", "shooter_idx": 0, "shooter_name": "123 (# 1)", "target_id": "self", "target_name": "В СЕБЯ", "prompt": "🎯 123 (# 1) ➔ В СЕБЯ (наведите на себя — горизонтально или вверх)"}, {"key": "s1_player_1", "shooter_idx": 1, "shooter_name": "Дилер", "target_id": "player_1", "target_name": "123 (# 1)", "prompt": "🎯 Дилер ➔ Наведите на 123 (# 1)"}, {"key": "s1_self", "shooter_idx": 1, "shooter_name": "Дилер", "target_id": "self", "target_name": "В СЕБЯ", "prompt": "🎯 Дилер ➔ В СЕБЯ (наведите на себя — горизонтально или вверх)"}]
------------------------------------------------------------
[2026-08-13 18:49:27.544] [CALIBRATION_STEP_SAVED]
  step_key: s0_dealer
  target_name: Дилер
  default_target: dealer
  angle: 93.6
  pitch: -15.9
  remaining_queue_len: 3
  compass_calibration_database: {"s0_dealer": {"angle": 93.6, "target_id": "dealer", "pitch": -15.9}}
------------------------------------------------------------
[2026-08-13 18:49:30.560] [CALIBRATION_STEP_SAVED]
  step_key: s0_self
  target_name: В СЕБЯ
  default_target: self
  angle: 299.8
  pitch: 36.6
  remaining_queue_len: 2
  compass_calibration_database: {"s0_dealer": {"angle": 93.6, "target_id": "dealer", "pitch": -15.9}, "s0_self": {"angle": 299.8, "target_id": "self", "pitch": 36.6}}
------------------------------------------------------------
[2026-08-13 18:49:34.893] [CALIBRATION_STEP_SAVED]
  step_key: s1_player_1
  target_name: 123 (# 1)
  default_target: player_1
  angle: 296.6
  pitch: -6.7
  remaining_queue_len: 1
  compass_calibration_database: {"s0_dealer": {"angle": 93.6, "target_id": "dealer", "pitch": -15.9}, "s0_self": {"angle": 299.8, "target_id": "self", "pitch": 36.6}, "s1_player_1": {"angle": 296.6, "target_id": "player_1", "pitch": -6.7}}
------------------------------------------------------------
[2026-08-13 18:49:37.740] [CALIBRATION_STEP_SAVED]
  step_key: s1_self
  target_name: В СЕБЯ
  default_target: self
  angle: 69.0
  pitch: 30.6
  remaining_queue_len: 0
  compass_calibration_database: {"s0_dealer": {"angle": 93.6, "target_id": "dealer", "pitch": -15.9}, "s0_self": {"angle": 299.8, "target_id": "self", "pitch": 36.6}, "s1_player_1": {"angle": 296.6, "target_id": "player_1", "pitch": -6.7}, "s1_self": {"angle": 69.0, "target_id": "self", "pitch": 30.6}}
------------------------------------------------------------
[2026-08-13 18:49:56.658] [SHOT_PROCESSED]
  incoming_angle: 81.3
  incoming_pitch: -15.2
  game_mode: story_one_round
  game_phase: player_turn
  current_shooter: {"id": "113ec2ec", "name": "123", "number": 1}
  shooter_s_idx: 0
  all_participants: [{"id": "113ec2ec", "name": "123"}, {"id": "08a08fb6", "name": "DEALER"}]
  compass_calibration_state: {"s0_dealer": {"angle": 93.6, "target_id": "dealer", "pitch": -15.9}, "s0_self": {"angle": 299.8, "target_id": "self", "pitch": 36.6}, "s1_player_1": {"angle": 296.6, "target_id": "player_1", "pitch": -6.7}, "s1_self": {"angle": 69.0, "target_id": "self", "pitch": 30.6}}
  self_check: {"self_pitch_threshold": 27.450000000000003, "is_self_shot": false}
  spatial_check: {"best_idx": "s0_dealer", "assigned_target": "dealer"}
  final_target: {"actual_target_id": "08a08fb6", "target_name": "DEALER", "is_self_shot": false}
------------------------------------------------------------
[2026-08-13 18:50:14.069] [SHOT_PROCESSED]
  incoming_angle: 279.2
  incoming_pitch: -16.9
  game_mode: story_one_round
  game_phase: player_turn
  current_shooter: {"id": "08a08fb6", "name": "DEALER", "number": 2}
  shooter_s_idx: 1
  all_participants: [{"id": "113ec2ec", "name": "123"}, {"id": "08a08fb6", "name": "DEALER"}]
  compass_calibration_state: {"s0_dealer": {"angle": 93.6, "target_id": "dealer", "pitch": -15.9}, "s0_self": {"angle": 299.8, "target_id": "self", "pitch": 36.6}, "s1_player_1": {"angle": 296.6, "target_id": "player_1", "pitch": -6.7}, "s1_self": {"angle": 69.0, "target_id": "self", "pitch": 30.6}}
  self_check: {"self_pitch_threshold": 24.0, "is_self_shot": false}
  spatial_check: {"best_idx": "s1_player_1", "assigned_target": "player_1"}
  final_target: {"actual_target_id": "113ec2ec", "target_name": "123", "is_self_shot": false}
------------------------------------------------------------
[2026-08-13 18:50:34.594] [SHOT_PROCESSED]
  incoming_angle: 276.7
  incoming_pitch: 40.5
  game_mode: story_one_round
  game_phase: player_turn
  current_shooter: {"id": "113ec2ec", "name": "123", "number": 1}
  shooter_s_idx: 0
  all_participants: [{"id": "113ec2ec", "name": "123"}, {"id": "08a08fb6", "name": "DEALER"}]
  compass_calibration_state: {"s0_dealer": {"angle": 93.6, "target_id": "dealer", "pitch": -15.9}, "s0_self": {"angle": 299.8, "target_id": "self", "pitch": 36.6}, "s1_player_1": {"angle": 296.6, "target_id": "player_1", "pitch": -6.7}, "s1_self": {"angle": 69.0, "target_id": "self", "pitch": 30.6}}
  self_check: {"self_pitch_threshold": 27.450000000000003, "is_self_shot": true}
  spatial_check: {"best_idx": 0, "assigned_target": "self"}
  final_target: {"actual_target_id": "113ec2ec", "target_name": "123 (В СЕБЯ 🎯)", "is_self_shot": true}
------------------------------------------------------------
[2026-08-13 18:51:17.131] [SHOT_PROCESSED]
  incoming_angle: 348.9
  incoming_pitch: -9.6
  game_mode: story_one_round
  game_phase: player_turn
  current_shooter: {"id": "113ec2ec", "name": "123", "number": 1}
  shooter_s_idx: 0
  all_participants: [{"id": "113ec2ec", "name": "123"}, {"id": "08a08fb6", "name": "DEALER"}]
  compass_calibration_state: {"s0_dealer": {"angle": 93.6, "target_id": "dealer", "pitch": -15.9}, "s0_self": {"angle": 299.8, "target_id": "self", "pitch": 36.6}, "s1_player_1": {"angle": 296.6, "target_id": "player_1", "pitch": -6.7}, "s1_self": {"angle": 69.0, "target_id": "self", "pitch": 30.6}}
  self_check: {"self_pitch_threshold": 27.450000000000003, "is_self_shot": true}
  spatial_check: {"best_idx": "s0_self", "assigned_target": "self"}
  final_target: {"actual_target_id": "113ec2ec", "target_name": "123 (В СЕБЯ 🎯)", "is_self_shot": true}
------------------------------------------------------------
[2026-08-13 19:17:50.364] [CALIBRATION_STARTED]
  game_mode: story_one_round
  participants: [["player_1", "Игрок 1"], ["dealer", "Дилер"]]
  queue_length: 4
  queue: [{"key": "s0_dealer", "shooter_idx": 0, "shooter_name": "Игрок 1", "target_id": "dealer", "target_name": "Дилер", "prompt": "🎯 Игрок 1 ➔ Наведите на Дилер"}, {"key": "s0_self", "shooter_idx": 0, "shooter_name": "Игрок 1", "target_id": "self", "target_name": "В СЕБЯ", "prompt": "🎯 Игрок 1 ➔ В СЕБЯ (наведите на себя — горизонтально или вверх)"}, {"key": "s1_player_1", "shooter_idx": 1, "shooter_name": "Дилер", "target_id": "player_1", "target_name": "Игрок 1", "prompt": "🎯 Дилер ➔ Наведите на Игрок 1"}, {"key": "s1_self", "shooter_idx": 1, "shooter_name": "Дилер", "target_id": "self", "target_name": "В СЕБЯ", "prompt": "🎯 Дилер ➔ В СЕБЯ (наведите на себя — горизонтально или вверх)"}]
------------------------------------------------------------
[2026-08-13 19:17:56.960] [CALIBRATION_STEP_SAVED]
  step_key: s0_dealer
  target_name: Дилер
  default_target: dealer
  angle: 160.2
  pitch: -4.7
  remaining_queue_len: 3
  compass_calibration_database: {"s0_dealer": {"angle": 160.2, "target_id": "dealer", "pitch": -4.7}}
------------------------------------------------------------
[2026-08-13 19:18:02.186] [CALIBRATION_STEP_SAVED]
  step_key: s0_self
  target_name: В СЕБЯ
  default_target: self
  angle: 18.9
  pitch: 39.7
  remaining_queue_len: 2
  compass_calibration_database: {"s0_dealer": {"angle": 160.2, "target_id": "dealer", "pitch": -4.7}, "s0_self": {"angle": 18.9, "target_id": "self", "pitch": 39.7}}
------------------------------------------------------------
[2026-08-13 19:18:04.862] [CALIBRATION_STEP_SAVED]
  step_key: s1_player_1
  target_name: Игрок 1
  default_target: player_1
  angle: 24.1
  pitch: -12.7
  remaining_queue_len: 1
  compass_calibration_database: {"s0_dealer": {"angle": 160.2, "target_id": "dealer", "pitch": -4.7}, "s0_self": {"angle": 18.9, "target_id": "self", "pitch": 39.7}, "s1_player_1": {"angle": 24.1, "target_id": "player_1", "pitch": -12.7}}
------------------------------------------------------------
[2026-08-13 19:18:08.210] [CALIBRATION_STEP_SAVED]
  step_key: s1_self
  target_name: В СЕБЯ
  default_target: self
  angle: 167.2
  pitch: 29.4
  remaining_queue_len: 0
  compass_calibration_database: {"s0_dealer": {"angle": 160.2, "target_id": "dealer", "pitch": -4.7}, "s0_self": {"angle": 18.9, "target_id": "self", "pitch": 39.7}, "s1_player_1": {"angle": 24.1, "target_id": "player_1", "pitch": -12.7}, "s1_self": {"angle": 167.2, "target_id": "self", "pitch": 29.4}}
------------------------------------------------------------
[2026-08-13 19:18:22.029] [SHOT_PROCESSED]
  incoming_angle: 33.5
  incoming_pitch: 43.2
  game_mode: story_one_round
  game_phase: player_turn
  current_shooter: {"id": "060cf640", "name": "123", "number": 1}
  shooter_s_idx: 0
  all_participants: [{"id": "060cf640", "name": "123"}, {"id": "300125a5", "name": "DEALER"}]
  compass_calibration_state: {"s0_dealer": {"angle": 160.2, "target_id": "dealer", "pitch": -4.7}, "s0_self": {"angle": 18.9, "target_id": "self", "pitch": 39.7}, "s1_player_1": {"angle": 24.1, "target_id": "player_1", "pitch": -12.7}, "s1_self": {"angle": 167.2, "target_id": "self", "pitch": 29.4}}
  self_check: {"self_pitch_threshold": 29.775000000000002, "is_self_shot": true}
  spatial_check: {"best_idx": 0, "assigned_target": "self"}
  final_target: {"actual_target_id": "060cf640", "target_name": "123 (В СЕБЯ 🎯)", "is_self_shot": true}
------------------------------------------------------------
[2026-08-13 19:18:25.652] [SHOT_PROCESSED]
  incoming_angle: 53.2
  incoming_pitch: 40.6
  game_mode: story_one_round
  game_phase: player_turn
  current_shooter: {"id": "060cf640", "name": "123", "number": 1}
  shooter_s_idx: 0
  all_participants: [{"id": "060cf640", "name": "123"}, {"id": "300125a5", "name": "DEALER"}]
  compass_calibration_state: {"s0_dealer": {"angle": 160.2, "target_id": "dealer", "pitch": -4.7}, "s0_self": {"angle": 18.9, "target_id": "self", "pitch": 39.7}, "s1_player_1": {"angle": 24.1, "target_id": "player_1", "pitch": -12.7}, "s1_self": {"angle": 167.2, "target_id": "self", "pitch": 29.4}}
  self_check: {"self_pitch_threshold": 29.775000000000002, "is_self_shot": true}
  spatial_check: {"best_idx": 0, "assigned_target": "self"}
  final_target: {"actual_target_id": "060cf640", "target_name": "123 (В СЕБЯ 🎯)", "is_self_shot": true}
------------------------------------------------------------
[2026-08-13 19:18:29.227] [SHOT_PROCESSED]
  incoming_angle: 204.1
  incoming_pitch: -7.8
  game_mode: story_one_round
  game_phase: player_turn
  current_shooter: {"id": "060cf640", "name": "123", "number": 1}
  shooter_s_idx: 0
  all_participants: [{"id": "060cf640", "name": "123"}, {"id": "300125a5", "name": "DEALER"}]
  compass_calibration_state: {"s0_dealer": {"angle": 160.2, "target_id": "dealer", "pitch": -4.7}, "s0_self": {"angle": 18.9, "target_id": "self", "pitch": 39.7}, "s1_player_1": {"angle": 24.1, "target_id": "player_1", "pitch": -12.7}, "s1_self": {"angle": 167.2, "target_id": "self", "pitch": 29.4}}
  self_check: {"self_pitch_threshold": 29.775000000000002, "is_self_shot": false}
  spatial_check: {"best_idx": "s0_dealer", "assigned_target": "dealer"}
  final_target: {"actual_target_id": "300125a5", "target_name": "DEALER", "is_self_shot": false}
------------------------------------------------------------
[2026-08-13 19:18:37.749] [SHOT_PROCESSED]
  incoming_angle: 45.2
  incoming_pitch: 36.9
  game_mode: story_one_round
  game_phase: player_turn
  current_shooter: {"id": "060cf640", "name": "123", "number": 1}
  shooter_s_idx: 0
  all_participants: [{"id": "060cf640", "name": "123"}, {"id": "300125a5", "name": "DEALER"}]
  compass_calibration_state: {"s0_dealer": {"angle": 160.2, "target_id": "dealer", "pitch": -4.7}, "s0_self": {"angle": 18.9, "target_id": "self", "pitch": 39.7}, "s1_player_1": {"angle": 24.1, "target_id": "player_1", "pitch": -12.7}, "s1_self": {"angle": 167.2, "target_id": "self", "pitch": 29.4}}
  self_check: {"self_pitch_threshold": 29.775000000000002, "is_self_shot": true}
  spatial_check: {"best_idx": 0, "assigned_target": "self"}
  final_target: {"actual_target_id": "060cf640", "target_name": "123 (В СЕБЯ 🎯)", "is_self_shot": true}
------------------------------------------------------------
[2026-08-13 19:18:41.026] [SHOT_PROCESSED]
  incoming_angle: 45.1
  incoming_pitch: -11.9
  game_mode: story_one_round
  game_phase: player_turn
  current_shooter: {"id": "300125a5", "name": "DEALER", "number": 2}
  shooter_s_idx: 1
  all_participants: [{"id": "060cf640", "name": "123"}, {"id": "300125a5", "name": "DEALER"}]
  compass_calibration_state: {"s0_dealer": {"angle": 160.2, "target_id": "dealer", "pitch": -4.7}, "s0_self": {"angle": 18.9, "target_id": "self", "pitch": 39.7}, "s1_player_1": {"angle": 24.1, "target_id": "player_1", "pitch": -12.7}, "s1_self": {"angle": 167.2, "target_id": "self", "pitch": 29.4}}
  self_check: {"self_pitch_threshold": 24.0, "is_self_shot": false}
  spatial_check: {"best_idx": "s1_player_1", "assigned_target": "player_1"}
  final_target: {"actual_target_id": "060cf640", "target_name": "123", "is_self_shot": false}
------------------------------------------------------------
[2026-08-13 19:18:44.818] [SHOT_PROCESSED]
  incoming_angle: 44.9
  incoming_pitch: -17.6
  game_mode: story_one_round
  game_phase: player_turn
  current_shooter: {"id": "060cf640", "name": "123", "number": 1}
  shooter_s_idx: 0
  all_participants: [{"id": "060cf640", "name": "123"}, {"id": "300125a5", "name": "DEALER"}]
  compass_calibration_state: {"s0_dealer": {"angle": 160.2, "target_id": "dealer", "pitch": -4.7}, "s0_self": {"angle": 18.9, "target_id": "self", "pitch": 39.7}, "s1_player_1": {"angle": 24.1, "target_id": "player_1", "pitch": -12.7}, "s1_self": {"angle": 167.2, "target_id": "self", "pitch": 29.4}}
  self_check: {"self_pitch_threshold": 29.775000000000002, "is_self_shot": true}
  spatial_check: {"best_idx": "s0_self", "assigned_target": "self"}
  final_target: {"actual_target_id": "060cf640", "target_name": "123 (В СЕБЯ 🎯)", "is_self_shot": true}
------------------------------------------------------------
[2026-08-13 19:18:47.723] [SHOT_PROCESSED]
  incoming_angle: 219.3
  incoming_pitch: -16.4
  game_mode: story_one_round
  game_phase: player_turn
  current_shooter: {"id": "060cf640", "name": "123", "number": 1}
  shooter_s_idx: 0
  all_participants: [{"id": "060cf640", "name": "123"}, {"id": "300125a5", "name": "DEALER"}]
  compass_calibration_state: {"s0_dealer": {"angle": 160.2, "target_id": "dealer", "pitch": -4.7}, "s0_self": {"angle": 18.9, "target_id": "self", "pitch": 39.7}, "s1_player_1": {"angle": 24.1, "target_id": "player_1", "pitch": -12.7}, "s1_self": {"angle": 167.2, "target_id": "self", "pitch": 29.4}}
  self_check: {"self_pitch_threshold": 29.775000000000002, "is_self_shot": false}
  spatial_check: {"best_idx": "s0_dealer", "assigned_target": "dealer"}
  final_target: {"actual_target_id": "300125a5", "target_name": "DEALER", "is_self_shot": false}
------------------------------------------------------------
[2026-08-13 19:18:51.799] [SHOT_PROCESSED]
  incoming_angle: 66.1
  incoming_pitch: 36.4
  game_mode: story_one_round
  game_phase: player_turn
  current_shooter: {"id": "300125a5", "name": "DEALER", "number": 2}
  shooter_s_idx: 1
  all_participants: [{"id": "060cf640", "name": "123"}, {"id": "300125a5", "name": "DEALER"}]
  compass_calibration_state: {"s0_dealer": {"angle": 160.2, "target_id": "dealer", "pitch": -4.7}, "s0_self": {"angle": 18.9, "target_id": "self", "pitch": 39.7}, "s1_player_1": {"angle": 24.1, "target_id": "player_1", "pitch": -12.7}, "s1_self": {"angle": 167.2, "target_id": "self", "pitch": 29.4}}
  self_check: {"self_pitch_threshold": 24.0, "is_self_shot": true}
  spatial_check: {"best_idx": 0, "assigned_target": "self"}
  final_target: {"actual_target_id": "300125a5", "target_name": "DEALER (В СЕБЯ 🎯)", "is_self_shot": true}
------------------------------------------------------------
[2026-08-13 19:19:05.292] [SHOT_PROCESSED]
  incoming_angle: 123.1
  incoming_pitch: -19.4
  game_mode: story_one_round
  game_phase: player_turn
  current_shooter: {"id": "300125a5", "name": "DEALER", "number": 2}
  shooter_s_idx: 1
  all_participants: [{"id": "060cf640", "name": "123"}, {"id": "300125a5", "name": "DEALER"}]
  compass_calibration_state: {"s0_dealer": {"angle": 160.2, "target_id": "dealer", "pitch": -4.7}, "s0_self": {"angle": 18.9, "target_id": "self", "pitch": 39.7}, "s1_player_1": {"angle": 24.1, "target_id": "player_1", "pitch": -12.7}, "s1_self": {"angle": 167.2, "target_id": "self", "pitch": 29.4}}
  self_check: {"self_pitch_threshold": 24.0, "is_self_shot": true}
  spatial_check: {"best_idx": "s1_self", "assigned_target": "self"}
  final_target: {"actual_target_id": "300125a5", "target_name": "DEALER (В СЕБЯ 🎯)", "is_self_shot": true}
------------------------------------------------------------
[2026-08-13 19:19:17.694] [SHOT_PROCESSED]
  incoming_angle: 208.7
  incoming_pitch: 33.9
  game_mode: story_one_round
  game_phase: player_turn
  current_shooter: {"id": "300125a5", "name": "DEALER", "number": 2}
  shooter_s_idx: 1
  all_participants: [{"id": "060cf640", "name": "123"}, {"id": "300125a5", "name": "DEALER"}]
  compass_calibration_state: {"s0_dealer": {"angle": 160.2, "target_id": "dealer", "pitch": -4.7}, "s0_self": {"angle": 18.9, "target_id": "self", "pitch": 39.7}, "s1_player_1": {"angle": 24.1, "target_id": "player_1", "pitch": -12.7}, "s1_self": {"angle": 167.2, "target_id": "self", "pitch": 29.4}}
  self_check: {"self_pitch_threshold": 24.0, "is_self_shot": true}
  spatial_check: {"best_idx": 0, "assigned_target": "self"}
  final_target: {"actual_target_id": "300125a5", "target_name": "DEALER (В СЕБЯ 🎯)", "is_self_shot": true}
------------------------------------------------------------
[2026-08-13 19:19:21.343] [SHOT_PROCESSED]
  incoming_angle: 80.8
  incoming_pitch: 20.9
  game_mode: story_one_round
  game_phase: player_turn
  current_shooter: {"id": "060cf640", "name": "123", "number": 1}
  shooter_s_idx: 0
  all_participants: [{"id": "060cf640", "name": "123"}, {"id": "300125a5", "name": "DEALER"}]
  compass_calibration_state: {"s0_dealer": {"angle": 160.2, "target_id": "dealer", "pitch": -4.7}, "s0_self": {"angle": 18.9, "target_id": "self", "pitch": 39.7}, "s1_player_1": {"angle": 24.1, "target_id": "player_1", "pitch": -12.7}, "s1_self": {"angle": 167.2, "target_id": "self", "pitch": 29.4}}
  self_check: {"self_pitch_threshold": 29.775000000000002, "is_self_shot": true}
  spatial_check: {"best_idx": "s0_self", "assigned_target": "self"}
  final_target: {"actual_target_id": "060cf640", "target_name": "123 (В СЕБЯ 🎯)", "is_self_shot": true}
------------------------------------------------------------
[2026-08-13 19:19:34.711] [SHOT_PROCESSED]
  incoming_angle: 178.4
  incoming_pitch: -8.6
  game_mode: story_one_round
  game_phase: player_turn
  current_shooter: {"id": "060cf640", "name": "123", "number": 1}
  shooter_s_idx: 0
  all_participants: [{"id": "060cf640", "name": "123"}, {"id": "300125a5", "name": "DEALER"}]
  compass_calibration_state: {"s0_dealer": {"angle": 160.2, "target_id": "dealer", "pitch": -4.7}, "s0_self": {"angle": 18.9, "target_id": "self", "pitch": 39.7}, "s1_player_1": {"angle": 24.1, "target_id": "player_1", "pitch": -12.7}, "s1_self": {"angle": 167.2, "target_id": "self", "pitch": 29.4}}
  self_check: {"self_pitch_threshold": 29.775000000000002, "is_self_shot": false}
  spatial_check: {"best_idx": "s0_dealer", "assigned_target": "dealer"}
  final_target: {"actual_target_id": "300125a5", "target_name": "DEALER", "is_self_shot": false}
------------------------------------------------------------
[2026-08-13 19:19:41.016] [SHOT_PROCESSED]
  incoming_angle: 34.3
  incoming_pitch: -9.9
  game_mode: story_one_round
  game_phase: player_turn
  current_shooter: {"id": "060cf640", "name": "123", "number": 1}
  shooter_s_idx: 0
  all_participants: [{"id": "060cf640", "name": "123"}, {"id": "300125a5", "name": "DEALER"}]
  compass_calibration_state: {"s0_dealer": {"angle": 160.2, "target_id": "dealer", "pitch": -4.7}, "s0_self": {"angle": 18.9, "target_id": "self", "pitch": 39.7}, "s1_player_1": {"angle": 24.1, "target_id": "player_1", "pitch": -12.7}, "s1_self": {"angle": 167.2, "target_id": "self", "pitch": 29.4}}
  self_check: {"self_pitch_threshold": 29.775000000000002, "is_self_shot": true}
  spatial_check: {"best_idx": "s0_self", "assigned_target": "self"}
  final_target: {"actual_target_id": "060cf640", "target_name": "123 (В СЕБЯ 🎯)", "is_self_shot": true}
------------------------------------------------------------
[2026-08-13 19:19:45.754] [SHOT_PROCESSED]
  incoming_angle: 26.7
  incoming_pitch: -20.9
  game_mode: story_one_round
  game_phase: player_turn
  current_shooter: {"id": "300125a5", "name": "DEALER", "number": 2}
  shooter_s_idx: 1
  all_participants: [{"id": "060cf640", "name": "123"}, {"id": "300125a5", "name": "DEALER"}]
  compass_calibration_state: {"s0_dealer": {"angle": 160.2, "target_id": "dealer", "pitch": -4.7}, "s0_self": {"angle": 18.9, "target_id": "self", "pitch": 39.7}, "s1_player_1": {"angle": 24.1, "target_id": "player_1", "pitch": -12.7}, "s1_self": {"angle": 167.2, "target_id": "self", "pitch": 29.4}}
  self_check: {"self_pitch_threshold": 24.0, "is_self_shot": false}
  spatial_check: {"best_idx": "s1_player_1", "assigned_target": "player_1"}
  final_target: {"actual_target_id": "060cf640", "target_name": "123", "is_self_shot": false}
------------------------------------------------------------
[2026-08-13 19:19:48.975] [SHOT_PROCESSED]
  incoming_angle: 33.5
  incoming_pitch: 28.3
  game_mode: story_one_round
  game_phase: player_turn
  current_shooter: {"id": "060cf640", "name": "123", "number": 1}
  shooter_s_idx: 0
  all_participants: [{"id": "060cf640", "name": "123"}, {"id": "300125a5", "name": "DEALER"}]
  compass_calibration_state: {"s0_dealer": {"angle": 160.2, "target_id": "dealer", "pitch": -4.7}, "s0_self": {"angle": 18.9, "target_id": "self", "pitch": 39.7}, "s1_player_1": {"angle": 24.1, "target_id": "player_1", "pitch": -12.7}, "s1_self": {"angle": 167.2, "target_id": "self", "pitch": 29.4}}
  self_check: {"self_pitch_threshold": 29.775000000000002, "is_self_shot": true}
  spatial_check: {"best_idx": "s0_self", "assigned_target": "self"}
  final_target: {"actual_target_id": "060cf640", "target_name": "123 (В СЕБЯ 🎯)", "is_self_shot": true}
------------------------------------------------------------
[2026-08-13 19:19:51.675] [SHOT_PROCESSED]
  incoming_angle: 171.3
  incoming_pitch: -14.5
  game_mode: story_one_round
  game_phase: player_turn
  current_shooter: {"id": "060cf640", "name": "123", "number": 1}
  shooter_s_idx: 0
  all_participants: [{"id": "060cf640", "name": "123"}, {"id": "300125a5", "name": "DEALER"}]
  compass_calibration_state: {"s0_dealer": {"angle": 160.2, "target_id": "dealer", "pitch": -4.7}, "s0_self": {"angle": 18.9, "target_id": "self", "pitch": 39.7}, "s1_player_1": {"angle": 24.1, "target_id": "player_1", "pitch": -12.7}, "s1_self": {"angle": 167.2, "target_id": "self", "pitch": 29.4}}
  self_check: {"self_pitch_threshold": 29.775000000000002, "is_self_shot": false}
  spatial_check: {"best_idx": "s0_dealer", "assigned_target": "dealer"}
  final_target: {"actual_target_id": "300125a5", "target_name": "DEALER", "is_self_shot": false}
------------------------------------------------------------
[2026-08-13 19:20:04.898] [SHOT_PROCESSED]
  incoming_angle: 75.3
  incoming_pitch: 25.6
  game_mode: story_one_round
  game_phase: player_turn
  current_shooter: {"id": "7b18d8de", "name": "123", "number": 1}
  shooter_s_idx: 0
  all_participants: [{"id": "7b18d8de", "name": "123"}, {"id": "45936a0f", "name": "DEALER"}]
  compass_calibration_state: {"s0_dealer": {"angle": 160.2, "target_id": "dealer", "pitch": -4.7}, "s0_self": {"angle": 18.9, "target_id": "self", "pitch": 39.7}, "s1_player_1": {"angle": 24.1, "target_id": "player_1", "pitch": -12.7}, "s1_self": {"angle": 167.2, "target_id": "self", "pitch": 29.4}}
  self_check: {"self_pitch_threshold": 29.775000000000002, "is_self_shot": true}
  spatial_check: {"best_idx": "s0_self", "assigned_target": "self"}
  final_target: {"actual_target_id": "7b18d8de", "target_name": "123 (В СЕБЯ 🎯)", "is_self_shot": true}
------------------------------------------------------------
[2026-08-13 19:20:09.284] [SHOT_PROCESSED]
  incoming_angle: 219.2
  incoming_pitch: 30.6
  game_mode: story_one_round
  game_phase: player_turn
  current_shooter: {"id": "45936a0f", "name": "DEALER", "number": 2}
  shooter_s_idx: 1
  all_participants: [{"id": "7b18d8de", "name": "123"}, {"id": "45936a0f", "name": "DEALER"}]
  compass_calibration_state: {"s0_dealer": {"angle": 160.2, "target_id": "dealer", "pitch": -4.7}, "s0_self": {"angle": 18.9, "target_id": "self", "pitch": 39.7}, "s1_player_1": {"angle": 24.1, "target_id": "player_1", "pitch": -12.7}, "s1_self": {"angle": 167.2, "target_id": "self", "pitch": 29.4}}
  self_check: {"self_pitch_threshold": 24.0, "is_self_shot": true}
  spatial_check: {"best_idx": 0, "assigned_target": "self"}
  final_target: {"actual_target_id": "45936a0f", "target_name": "DEALER (В СЕБЯ 🎯)", "is_self_shot": true}
------------------------------------------------------------
[2026-08-13 19:20:10.325] [SHOT_PROCESSED]
  incoming_angle: 214.7
  incoming_pitch: 30.2
  game_mode: story_one_round
  game_phase: player_turn
  current_shooter: {"id": "45936a0f", "name": "DEALER", "number": 2}
  shooter_s_idx: 1
  all_participants: [{"id": "7b18d8de", "name": "123"}, {"id": "45936a0f", "name": "DEALER"}]
  compass_calibration_state: {"s0_dealer": {"angle": 160.2, "target_id": "dealer", "pitch": -4.7}, "s0_self": {"angle": 18.9, "target_id": "self", "pitch": 39.7}, "s1_player_1": {"angle": 24.1, "target_id": "player_1", "pitch": -12.7}, "s1_self": {"angle": 167.2, "target_id": "self", "pitch": 29.4}}
  self_check: {"self_pitch_threshold": 24.0, "is_self_shot": true}
  spatial_check: {"best_idx": 0, "assigned_target": "self"}
  final_target: {"actual_target_id": "45936a0f", "target_name": "DEALER (В СЕБЯ 🎯)", "is_self_shot": true}
------------------------------------------------------------
[2026-08-13 19:20:17.377] [SHOT_PROCESSED]
  incoming_angle: 238.3
  incoming_pitch: -15.2
  game_mode: story_one_round
  game_phase: player_turn
  current_shooter: {"id": "7b18d8de", "name": "123", "number": 1}
  shooter_s_idx: 0
  all_participants: [{"id": "7b18d8de", "name": "123"}, {"id": "45936a0f", "name": "DEALER"}]
  compass_calibration_state: {"s0_dealer": {"angle": 160.2, "target_id": "dealer", "pitch": -4.7}, "s0_self": {"angle": 18.9, "target_id": "self", "pitch": 39.7}, "s1_player_1": {"angle": 24.1, "target_id": "player_1", "pitch": -12.7}, "s1_self": {"angle": 167.2, "target_id": "self", "pitch": 29.4}}
  self_check: {"self_pitch_threshold": 29.775000000000002, "is_self_shot": false}
  spatial_check: {"best_idx": "s0_dealer", "assigned_target": "dealer"}
  final_target: {"actual_target_id": "45936a0f", "target_name": "DEALER", "is_self_shot": false}
------------------------------------------------------------
[2026-08-13 19:20:20.098] [SHOT_PROCESSED]
  incoming_angle: 104.0
  incoming_pitch: -13.2
  game_mode: story_one_round
  game_phase: player_turn
  current_shooter: {"id": "45936a0f", "name": "DEALER", "number": 2}
  shooter_s_idx: 1
  all_participants: [{"id": "7b18d8de", "name": "123"}, {"id": "45936a0f", "name": "DEALER"}]
  compass_calibration_state: {"s0_dealer": {"angle": 160.2, "target_id": "dealer", "pitch": -4.7}, "s0_self": {"angle": 18.9, "target_id": "self", "pitch": 39.7}, "s1_player_1": {"angle": 24.1, "target_id": "player_1", "pitch": -12.7}, "s1_self": {"angle": 167.2, "target_id": "self", "pitch": 29.4}}
  self_check: {"self_pitch_threshold": 24.0, "is_self_shot": true}
  spatial_check: {"best_idx": "s1_self", "assigned_target": "self"}
  final_target: {"actual_target_id": "45936a0f", "target_name": "DEALER (В СЕБЯ 🎯)", "is_self_shot": true}
------------------------------------------------------------
[2026-08-13 19:20:27.456] [SHOT_PROCESSED]
  incoming_angle: 65.7
  incoming_pitch: -20.9
  game_mode: story_one_round
  game_phase: player_turn
  current_shooter: {"id": "45936a0f", "name": "DEALER", "number": 2}
  shooter_s_idx: 1
  all_participants: [{"id": "7b18d8de", "name": "123"}, {"id": "45936a0f", "name": "DEALER"}]
  compass_calibration_state: {"s0_dealer": {"angle": 160.2, "target_id": "dealer", "pitch": -4.7}, "s0_self": {"angle": 18.9, "target_id": "self", "pitch": 39.7}, "s1_player_1": {"angle": 24.1, "target_id": "player_1", "pitch": -12.7}, "s1_self": {"angle": 167.2, "target_id": "self", "pitch": 29.4}}
  self_check: {"self_pitch_threshold": 24.0, "is_self_shot": false}
  spatial_check: {"best_idx": "s1_player_1", "assigned_target": "player_1"}
  final_target: {"actual_target_id": "7b18d8de", "target_name": "123", "is_self_shot": false}
------------------------------------------------------------
[2026-08-13 19:20:30.758] [SHOT_PROCESSED]
  incoming_angle: 68.6
  incoming_pitch: 23.2
  game_mode: story_one_round
  game_phase: player_turn
  current_shooter: {"id": "7b18d8de", "name": "123", "number": 1}
  shooter_s_idx: 0
  all_participants: [{"id": "7b18d8de", "name": "123"}, {"id": "45936a0f", "name": "DEALER"}]
  compass_calibration_state: {"s0_dealer": {"angle": 160.2, "target_id": "dealer", "pitch": -4.7}, "s0_self": {"angle": 18.9, "target_id": "self", "pitch": 39.7}, "s1_player_1": {"angle": 24.1, "target_id": "player_1", "pitch": -12.7}, "s1_self": {"angle": 167.2, "target_id": "self", "pitch": 29.4}}
  self_check: {"self_pitch_threshold": 29.775000000000002, "is_self_shot": true}
  spatial_check: {"best_idx": "s0_self", "assigned_target": "self"}
  final_target: {"actual_target_id": "7b18d8de", "target_name": "123 (В СЕБЯ 🎯)", "is_self_shot": true}
------------------------------------------------------------
[2026-08-13 19:20:32.976] [SHOT_PROCESSED]
  incoming_angle: 220.9
  incoming_pitch: -14.0
  game_mode: story_one_round
  game_phase: player_turn
  current_shooter: {"id": "7b18d8de", "name": "123", "number": 1}
  shooter_s_idx: 0
  all_participants: [{"id": "7b18d8de", "name": "123"}, {"id": "45936a0f", "name": "DEALER"}]
  compass_calibration_state: {"s0_dealer": {"angle": 160.2, "target_id": "dealer", "pitch": -4.7}, "s0_self": {"angle": 18.9, "target_id": "self", "pitch": 39.7}, "s1_player_1": {"angle": 24.1, "target_id": "player_1", "pitch": -12.7}, "s1_self": {"angle": 167.2, "target_id": "self", "pitch": 29.4}}
  self_check: {"self_pitch_threshold": 29.775000000000002, "is_self_shot": false}
  spatial_check: {"best_idx": "s0_dealer", "assigned_target": "dealer"}
  final_target: {"actual_target_id": "45936a0f", "target_name": "DEALER", "is_self_shot": false}
------------------------------------------------------------
[2026-08-13 19:20:40.616] [SHOT_PROCESSED]
  incoming_angle: 27.1
  incoming_pitch: 36.5
  game_mode: story_one_round
  game_phase: player_turn
  current_shooter: {"id": "7b18d8de", "name": "123", "number": 1}
  shooter_s_idx: 0
  all_participants: [{"id": "7b18d8de", "name": "123"}, {"id": "45936a0f", "name": "DEALER"}]
  compass_calibration_state: {"s0_dealer": {"angle": 160.2, "target_id": "dealer", "pitch": -4.7}, "s0_self": {"angle": 18.9, "target_id": "self", "pitch": 39.7}, "s1_player_1": {"angle": 24.1, "target_id": "player_1", "pitch": -12.7}, "s1_self": {"angle": 167.2, "target_id": "self", "pitch": 29.4}}
  self_check: {"self_pitch_threshold": 29.775000000000002, "is_self_shot": true}
  spatial_check: {"best_idx": 0, "assigned_target": "self"}
  final_target: {"actual_target_id": "7b18d8de", "target_name": "123 (В СЕБЯ 🎯)", "is_self_shot": true}
------------------------------------------------------------
[2026-08-13 19:20:42.025] [SHOT_PROCESSED]
  incoming_angle: 25.5
  incoming_pitch: 37.8
  game_mode: story_one_round
  game_phase: player_turn
  current_shooter: {"id": "7b18d8de", "name": "123", "number": 1}
  shooter_s_idx: 0
  all_participants: [{"id": "7b18d8de", "name": "123"}, {"id": "45936a0f", "name": "DEALER"}]
  compass_calibration_state: {"s0_dealer": {"angle": 160.2, "target_id": "dealer", "pitch": -4.7}, "s0_self": {"angle": 18.9, "target_id": "self", "pitch": 39.7}, "s1_player_1": {"angle": 24.1, "target_id": "player_1", "pitch": -12.7}, "s1_self": {"angle": 167.2, "target_id": "self", "pitch": 29.4}}
  self_check: {"self_pitch_threshold": 29.775000000000002, "is_self_shot": true}
  spatial_check: {"best_idx": 0, "assigned_target": "self"}
  final_target: {"actual_target_id": "7b18d8de", "target_name": "123 (В СЕБЯ 🎯)", "is_self_shot": true}
------------------------------------------------------------
[2026-08-13 19:20:44.076] [SHOT_PROCESSED]
  incoming_angle: 132.4
  incoming_pitch: -31.1
  game_mode: story_one_round
  game_phase: player_turn
  current_shooter: {"id": "7b18d8de", "name": "123", "number": 1}
  shooter_s_idx: 0
  all_participants: [{"id": "7b18d8de", "name": "123"}, {"id": "45936a0f", "name": "DEALER"}]
  compass_calibration_state: {"s0_dealer": {"angle": 160.2, "target_id": "dealer", "pitch": -4.7}, "s0_self": {"angle": 18.9, "target_id": "self", "pitch": 39.7}, "s1_player_1": {"angle": 24.1, "target_id": "player_1", "pitch": -12.7}, "s1_self": {"angle": 167.2, "target_id": "self", "pitch": 29.4}}
  self_check: {"self_pitch_threshold": 29.775000000000002, "is_self_shot": true}
  spatial_check: {"best_idx": 0, "assigned_target": "self"}
  final_target: {"actual_target_id": "7b18d8de", "target_name": "123 (В СЕБЯ 🎯)", "is_self_shot": true}
------------------------------------------------------------
[2026-08-13 19:20:50.540] [SHOT_PROCESSED]
  incoming_angle: 132.8
  incoming_pitch: -12.1
  game_mode: story_one_round
  game_phase: player_turn
  current_shooter: {"id": "7b18d8de", "name": "123", "number": 1}
  shooter_s_idx: 0
  all_participants: [{"id": "7b18d8de", "name": "123"}, {"id": "45936a0f", "name": "DEALER"}]
  compass_calibration_state: {"s0_dealer": {"angle": 160.2, "target_id": "dealer", "pitch": -4.7}, "s0_self": {"angle": 18.9, "target_id": "self", "pitch": 39.7}, "s1_player_1": {"angle": 24.1, "target_id": "player_1", "pitch": -12.7}, "s1_self": {"angle": 167.2, "target_id": "self", "pitch": 29.4}}
  self_check: {"self_pitch_threshold": 29.775000000000002, "is_self_shot": false}
  spatial_check: {"best_idx": "s0_dealer", "assigned_target": "dealer"}
  final_target: {"actual_target_id": "45936a0f", "target_name": "DEALER", "is_self_shot": false}
------------------------------------------------------------
[2026-08-13 19:20:55.439] [SHOT_PROCESSED]
  incoming_angle: 329.0
  incoming_pitch: -18.5
  game_mode: story_one_round
  game_phase: player_turn
  current_shooter: {"id": "45936a0f", "name": "DEALER", "number": 2}
  shooter_s_idx: 1
  all_participants: [{"id": "7b18d8de", "name": "123"}, {"id": "45936a0f", "name": "DEALER"}]
  compass_calibration_state: {"s0_dealer": {"angle": 160.2, "target_id": "dealer", "pitch": -4.7}, "s0_self": {"angle": 18.9, "target_id": "self", "pitch": 39.7}, "s1_player_1": {"angle": 24.1, "target_id": "player_1", "pitch": -12.7}, "s1_self": {"angle": 167.2, "target_id": "self", "pitch": 29.4}}
  self_check: {"self_pitch_threshold": 24.0, "is_self_shot": false}
  spatial_check: {"best_idx": "s1_player_1", "assigned_target": "player_1"}
  final_target: {"actual_target_id": "7b18d8de", "target_name": "123", "is_self_shot": false}
------------------------------------------------------------
[2026-08-13 19:21:11.262] [SHOT_PROCESSED]
  incoming_angle: 3.2
  incoming_pitch: -12.9
  game_mode: story_one_round
  game_phase: player_turn
  current_shooter: {"id": "7b18d8de", "name": "123", "number": 1}
  shooter_s_idx: 0
  all_participants: [{"id": "7b18d8de", "name": "123"}, {"id": "45936a0f", "name": "DEALER"}]
  compass_calibration_state: {"s0_dealer": {"angle": 160.2, "target_id": "dealer", "pitch": -4.7}, "s0_self": {"angle": 18.9, "target_id": "self", "pitch": 39.7}, "s1_player_1": {"angle": 24.1, "target_id": "player_1", "pitch": -12.7}, "s1_self": {"angle": 167.2, "target_id": "self", "pitch": 29.4}}
  self_check: {"self_pitch_threshold": 29.775000000000002, "is_self_shot": true}
  spatial_check: {"best_idx": "s0_self", "assigned_target": "self"}
  final_target: {"actual_target_id": "7b18d8de", "target_name": "123 (В СЕБЯ 🎯)", "is_self_shot": true}
------------------------------------------------------------
[2026-08-13 19:21:17.950] [SHOT_PROCESSED]
  incoming_angle: 1.1
  incoming_pitch: -11.1
  game_mode: story_one_round
  game_phase: player_turn
  current_shooter: {"id": "7b18d8de", "name": "123", "number": 1}
  shooter_s_idx: 0
  all_participants: [{"id": "7b18d8de", "name": "123"}, {"id": "45936a0f", "name": "DEALER"}]
  compass_calibration_state: {"s0_dealer": {"angle": 160.2, "target_id": "dealer", "pitch": -4.7}, "s0_self": {"angle": 18.9, "target_id": "self", "pitch": 39.7}, "s1_player_1": {"angle": 24.1, "target_id": "player_1", "pitch": -12.7}, "s1_self": {"angle": 167.2, "target_id": "self", "pitch": 29.4}}
  self_check: {"self_pitch_threshold": 29.775000000000002, "is_self_shot": true}
  spatial_check: {"best_idx": "s0_self", "assigned_target": "self"}
  final_target: {"actual_target_id": "7b18d8de", "target_name": "123 (В СЕБЯ 🎯)", "is_self_shot": true}
------------------------------------------------------------
[2026-08-13 19:21:24.291] [SHOT_PROCESSED]
  incoming_angle: 201.9
  incoming_pitch: 39.1
  game_mode: story_one_round
  game_phase: player_turn
  current_shooter: {"id": "7b18d8de", "name": "123", "number": 1}
  shooter_s_idx: 0
  all_participants: [{"id": "7b18d8de", "name": "123"}, {"id": "45936a0f", "name": "DEALER"}]
  compass_calibration_state: {"s0_dealer": {"angle": 160.2, "target_id": "dealer", "pitch": -4.7}, "s0_self": {"angle": 18.9, "target_id": "self", "pitch": 39.7}, "s1_player_1": {"angle": 24.1, "target_id": "player_1", "pitch": -12.7}, "s1_self": {"angle": 167.2, "target_id": "self", "pitch": 29.4}}
  self_check: {"self_pitch_threshold": 29.775000000000002, "is_self_shot": true}
  spatial_check: {"best_idx": 0, "assigned_target": "self"}
  final_target: {"actual_target_id": "7b18d8de", "target_name": "123 (В СЕБЯ 🎯)", "is_self_shot": true}
------------------------------------------------------------
[2026-08-13 19:21:29.930] [SHOT_PROCESSED]
  incoming_angle: 187.5
  incoming_pitch: -17.3
  game_mode: story_one_round
  game_phase: player_turn
  current_shooter: {"id": "7b18d8de", "name": "123", "number": 1}
  shooter_s_idx: 0
  all_participants: [{"id": "7b18d8de", "name": "123"}, {"id": "45936a0f", "name": "DEALER"}]
  compass_calibration_state: {"s0_dealer": {"angle": 160.2, "target_id": "dealer", "pitch": -4.7}, "s0_self": {"angle": 18.9, "target_id": "self", "pitch": 39.7}, "s1_player_1": {"angle": 24.1, "target_id": "player_1", "pitch": -12.7}, "s1_self": {"angle": 167.2, "target_id": "self", "pitch": 29.4}}
  self_check: {"self_pitch_threshold": 29.775000000000002, "is_self_shot": false}
  spatial_check: {"best_idx": "s0_dealer", "assigned_target": "dealer"}
  final_target: {"actual_target_id": "45936a0f", "target_name": "DEALER", "is_self_shot": false}
------------------------------------------------------------
[2026-08-13 19:21:36.929] [SHOT_PROCESSED]
  incoming_angle: 261.7
  incoming_pitch: -12.7
  game_mode: story_one_round
  game_phase: player_turn
  current_shooter: {"id": "7b18d8de", "name": "123", "number": 1}
  shooter_s_idx: 0
  all_participants: [{"id": "7b18d8de", "name": "123"}, {"id": "45936a0f", "name": "DEALER"}]
  compass_calibration_state: {"s0_dealer": {"angle": 160.2, "target_id": "dealer", "pitch": -4.7}, "s0_self": {"angle": 18.9, "target_id": "self", "pitch": 39.7}, "s1_player_1": {"angle": 24.1, "target_id": "player_1", "pitch": -12.7}, "s1_self": {"angle": 167.2, "target_id": "self", "pitch": 29.4}}
  self_check: {"self_pitch_threshold": 29.775000000000002, "is_self_shot": false}
  spatial_check: {"best_idx": "s0_dealer", "assigned_target": "dealer"}
  final_target: {"actual_target_id": "45936a0f", "target_name": "DEALER", "is_self_shot": false}
------------------------------------------------------------
[2026-08-13 19:21:48.836] [SHOT_PROCESSED]
  incoming_angle: 105.5
  incoming_pitch: 39.9
  game_mode: story_one_round
  game_phase: player_turn
  current_shooter: {"id": "45936a0f", "name": "DEALER", "number": 2}
  shooter_s_idx: 1
  all_participants: [{"id": "7b18d8de", "name": "123"}, {"id": "45936a0f", "name": "DEALER"}]
  compass_calibration_state: {"s0_dealer": {"angle": 160.2, "target_id": "dealer", "pitch": -4.7}, "s0_self": {"angle": 18.9, "target_id": "self", "pitch": 39.7}, "s1_player_1": {"angle": 24.1, "target_id": "player_1", "pitch": -12.7}, "s1_self": {"angle": 167.2, "target_id": "self", "pitch": 29.4}}
  self_check: {"self_pitch_threshold": 24.0, "is_self_shot": true}
  spatial_check: {"best_idx": 0, "assigned_target": "self"}
  final_target: {"actual_target_id": "45936a0f", "target_name": "DEALER (В СЕБЯ 🎯)", "is_self_shot": true}
------------------------------------------------------------
[2026-08-13 19:21:52.163] [SHOT_PROCESSED]
  incoming_angle: 272.9
  incoming_pitch: -10.7
  game_mode: story_one_round
  game_phase: player_turn
  current_shooter: {"id": "45936a0f", "name": "DEALER", "number": 2}
  shooter_s_idx: 1
  all_participants: [{"id": "7b18d8de", "name": "123"}, {"id": "45936a0f", "name": "DEALER"}]
  compass_calibration_state: {"s0_dealer": {"angle": 160.2, "target_id": "dealer", "pitch": -4.7}, "s0_self": {"angle": 18.9, "target_id": "self", "pitch": 39.7}, "s1_player_1": {"angle": 24.1, "target_id": "player_1", "pitch": -12.7}, "s1_self": {"angle": 167.2, "target_id": "self", "pitch": 29.4}}
  self_check: {"self_pitch_threshold": 24.0, "is_self_shot": true}
  spatial_check: {"best_idx": "s1_self", "assigned_target": "self"}
  final_target: {"actual_target_id": "45936a0f", "target_name": "DEALER (В СЕБЯ 🎯)", "is_self_shot": true}
------------------------------------------------------------
[2026-08-13 19:22:02.513] [SHOT_PROCESSED]
  incoming_angle: 276.8
  incoming_pitch: -15.0
  game_mode: story_one_round
  game_phase: player_turn
  current_shooter: {"id": "45936a0f", "name": "DEALER", "number": 2}
  shooter_s_idx: 1
  all_participants: [{"id": "7b18d8de", "name": "123"}, {"id": "45936a0f", "name": "DEALER"}]
  compass_calibration_state: {"s0_dealer": {"angle": 160.2, "target_id": "dealer", "pitch": -4.7}, "s0_self": {"angle": 18.9, "target_id": "self", "pitch": 39.7}, "s1_player_1": {"angle": 24.1, "target_id": "player_1", "pitch": -12.7}, "s1_self": {"angle": 167.2, "target_id": "self", "pitch": 29.4}}
  self_check: {"self_pitch_threshold": 24.0, "is_self_shot": false}
  spatial_check: {"best_idx": "s1_player_1", "assigned_target": "player_1"}
  final_target: {"actual_target_id": "7b18d8de", "target_name": "123", "is_self_shot": false}
------------------------------------------------------------
[2026-08-13 19:22:10.995] [SHOT_PROCESSED]
  incoming_angle: 338.7
  incoming_pitch: -11.4
  game_mode: story_one_round
  game_phase: player_turn
  current_shooter: {"id": "45936a0f", "name": "DEALER", "number": 2}
  shooter_s_idx: 1
  all_participants: [{"id": "7b18d8de", "name": "123"}, {"id": "45936a0f", "name": "DEALER"}]
  compass_calibration_state: {"s0_dealer": {"angle": 160.2, "target_id": "dealer", "pitch": -4.7}, "s0_self": {"angle": 18.9, "target_id": "self", "pitch": 39.7}, "s1_player_1": {"angle": 24.1, "target_id": "player_1", "pitch": -12.7}, "s1_self": {"angle": 167.2, "target_id": "self", "pitch": 29.4}}
  self_check: {"self_pitch_threshold": 24.0, "is_self_shot": false}
  spatial_check: {"best_idx": "s1_player_1", "assigned_target": "player_1"}
  final_target: {"actual_target_id": "7b18d8de", "target_name": "123", "is_self_shot": false}
------------------------------------------------------------
[2026-08-13 19:22:42.253] [SHOT_PROCESSED]
  incoming_angle: 331.2
  incoming_pitch: -11.0
  game_mode: story_one_round
  game_phase: player_turn
  current_shooter: {"id": "45936a0f", "name": "DEALER", "number": 2}
  shooter_s_idx: 1
  all_participants: [{"id": "7b18d8de", "name": "123"}, {"id": "45936a0f", "name": "DEALER"}]
  compass_calibration_state: {"s0_dealer": {"angle": 160.2, "target_id": "dealer", "pitch": -4.7}, "s0_self": {"angle": 18.9, "target_id": "self", "pitch": 39.7}, "s1_player_1": {"angle": 24.1, "target_id": "player_1", "pitch": -12.7}, "s1_self": {"angle": 167.2, "target_id": "self", "pitch": 29.4}}
  self_check: {"self_pitch_threshold": 24.0, "is_self_shot": false}
  spatial_check: {"best_idx": "s1_player_1", "assigned_target": "player_1"}
  final_target: {"actual_target_id": "7b18d8de", "target_name": "123", "is_self_shot": false}
------------------------------------------------------------
[2026-08-13 19:23:00.708] [SHOT_PROCESSED]
  incoming_angle: 161.5
  incoming_pitch: 44.8
  game_mode: story_one_round
  game_phase: player_turn
  current_shooter: {"id": "7b18d8de", "name": "123", "number": 1}
  shooter_s_idx: 0
  all_participants: [{"id": "7b18d8de", "name": "123"}, {"id": "45936a0f", "name": "DEALER"}]
  compass_calibration_state: {"s0_dealer": {"angle": 160.2, "target_id": "dealer", "pitch": -4.7}, "s0_self": {"angle": 18.9, "target_id": "self", "pitch": 39.7}, "s1_player_1": {"angle": 24.1, "target_id": "player_1", "pitch": -12.7}, "s1_self": {"angle": 167.2, "target_id": "self", "pitch": 29.4}}
  self_check: {"self_pitch_threshold": 29.775000000000002, "is_self_shot": true}
  spatial_check: {"best_idx": 0, "assigned_target": "self"}
  final_target: {"actual_target_id": "7b18d8de", "target_name": "123 (В СЕБЯ 🎯)", "is_self_shot": true}
------------------------------------------------------------
[2026-08-13 19:23:05.501] [SHOT_PROCESSED]
  incoming_angle: 296.3
  incoming_pitch: -15.3
  game_mode: story_one_round
  game_phase: player_turn
  current_shooter: {"id": "7b18d8de", "name": "123", "number": 1}
  shooter_s_idx: 0
  all_participants: [{"id": "7b18d8de", "name": "123"}, {"id": "45936a0f", "name": "DEALER"}]
  compass_calibration_state: {"s0_dealer": {"angle": 160.2, "target_id": "dealer", "pitch": -4.7}, "s0_self": {"angle": 18.9, "target_id": "self", "pitch": 39.7}, "s1_player_1": {"angle": 24.1, "target_id": "player_1", "pitch": -12.7}, "s1_self": {"angle": 167.2, "target_id": "self", "pitch": 29.4}}
  self_check: {"self_pitch_threshold": 29.775000000000002, "is_self_shot": true}
  spatial_check: {"best_idx": "s0_self", "assigned_target": "self"}
  final_target: {"actual_target_id": "7b18d8de", "target_name": "123 (В СЕБЯ 🎯)", "is_self_shot": true}
------------------------------------------------------------
[2026-08-13 19:23:19.508] [SHOT_PROCESSED]
  incoming_angle: 299.2
  incoming_pitch: -9.4
  game_mode: story_one_round
  game_phase: player_turn
  current_shooter: {"id": "7b18d8de", "name": "123", "number": 1}
  shooter_s_idx: 0
  all_participants: [{"id": "7b18d8de", "name": "123"}, {"id": "45936a0f", "name": "DEALER"}]
  compass_calibration_state: {"s0_dealer": {"angle": 160.2, "target_id": "dealer", "pitch": -4.7}, "s0_self": {"angle": 18.9, "target_id": "self", "pitch": 39.7}, "s1_player_1": {"angle": 24.1, "target_id": "player_1", "pitch": -12.7}, "s1_self": {"angle": 167.2, "target_id": "self", "pitch": 29.4}}
  self_check: {"self_pitch_threshold": 29.775000000000002, "is_self_shot": true}
  spatial_check: {"best_idx": "s0_self", "assigned_target": "self"}
  final_target: {"actual_target_id": "7b18d8de", "target_name": "123 (В СЕБЯ 🎯)", "is_self_shot": true}
------------------------------------------------------------
[2026-08-13 19:23:30.029] [SHOT_PROCESSED]
  incoming_angle: 250.1
  incoming_pitch: 70.3
  game_mode: story_one_round
  game_phase: player_turn
  current_shooter: {"id": "7b18d8de", "name": "123", "number": 1}
  shooter_s_idx: 0
  all_participants: [{"id": "7b18d8de", "name": "123"}, {"id": "45936a0f", "name": "DEALER"}]
  compass_calibration_state: {"s0_dealer": {"angle": 160.2, "target_id": "dealer", "pitch": -4.7}, "s0_self": {"angle": 18.9, "target_id": "self", "pitch": 39.7}, "s1_player_1": {"angle": 24.1, "target_id": "player_1", "pitch": -12.7}, "s1_self": {"angle": 167.2, "target_id": "self", "pitch": 29.4}}
  self_check: {"self_pitch_threshold": 29.775000000000002, "is_self_shot": true}
  spatial_check: {"best_idx": 0, "assigned_target": "self"}
  final_target: {"actual_target_id": "7b18d8de", "target_name": "123 (В СЕБЯ 🎯)", "is_self_shot": true}
------------------------------------------------------------
[2026-08-13 19:23:34.255] [SHOT_PROCESSED]
  incoming_angle: 292.2
  incoming_pitch: -13.9
  game_mode: story_one_round
  game_phase: player_turn
  current_shooter: {"id": "7b18d8de", "name": "123", "number": 1}
  shooter_s_idx: 0
  all_participants: [{"id": "7b18d8de", "name": "123"}, {"id": "45936a0f", "name": "DEALER"}]
  compass_calibration_state: {"s0_dealer": {"angle": 160.2, "target_id": "dealer", "pitch": -4.7}, "s0_self": {"angle": 18.9, "target_id": "self", "pitch": 39.7}, "s1_player_1": {"angle": 24.1, "target_id": "player_1", "pitch": -12.7}, "s1_self": {"angle": 167.2, "target_id": "self", "pitch": 29.4}}
  self_check: {"self_pitch_threshold": 29.775000000000002, "is_self_shot": true}
  spatial_check: {"best_idx": "s0_self", "assigned_target": "self"}
  final_target: {"actual_target_id": "7b18d8de", "target_name": "123 (В СЕБЯ 🎯)", "is_self_shot": true}
------------------------------------------------------------
[2026-08-13 19:23:38.311] [CALIBRATION_STARTED]
  game_mode: story_one_round
  participants: [["player_1", "Игрок 1"], ["dealer", "Дилер"]]
  queue_length: 4
  queue: [{"key": "s0_dealer", "shooter_idx": 0, "shooter_name": "Игрок 1", "target_id": "dealer", "target_name": "Дилер", "prompt": "🎯 Игрок 1 ➔ Наведите на Дилер"}, {"key": "s0_self", "shooter_idx": 0, "shooter_name": "Игрок 1", "target_id": "self", "target_name": "В СЕБЯ", "prompt": "🎯 Игрок 1 ➔ В СЕБЯ (наведите на себя — горизонтально или вверх)"}, {"key": "s1_player_1", "shooter_idx": 1, "shooter_name": "Дилер", "target_id": "player_1", "target_name": "Игрок 1", "prompt": "🎯 Дилер ➔ Наведите на Игрок 1"}, {"key": "s1_self", "shooter_idx": 1, "shooter_name": "Дилер", "target_id": "self", "target_name": "В СЕБЯ", "prompt": "🎯 Дилер ➔ В СЕБЯ (наведите на себя — горизонтально или вверх)"}]
------------------------------------------------------------
[2026-08-13 19:23:41.181] [CALIBRATION_STEP_SAVED]
  step_key: s0_dealer
  target_name: Дилер
  default_target: dealer
  angle: 309.8
  pitch: -12.9
  remaining_queue_len: 3
  compass_calibration_database: {"s0_dealer": {"angle": 309.8, "target_id": "dealer", "pitch": -12.9}}
------------------------------------------------------------
[2026-08-13 19:23:46.877] [CALIBRATION_STEP_SAVED]
  step_key: s0_self
  target_name: В СЕБЯ
  default_target: self
  angle: 163.0
  pitch: 37.6
  remaining_queue_len: 2
  compass_calibration_database: {"s0_dealer": {"angle": 309.8, "target_id": "dealer", "pitch": -12.9}, "s0_self": {"angle": 163.0, "target_id": "self", "pitch": 37.6}}
------------------------------------------------------------
[2026-08-13 19:23:51.450] [CALIBRATION_STEP_SAVED]
  step_key: s1_player_1
  target_name: Игрок 1
  default_target: player_1
  angle: 196.6
  pitch: -11.3
  remaining_queue_len: 1
  compass_calibration_database: {"s0_dealer": {"angle": 309.8, "target_id": "dealer", "pitch": -12.9}, "s0_self": {"angle": 163.0, "target_id": "self", "pitch": 37.6}, "s1_player_1": {"angle": 196.6, "target_id": "player_1", "pitch": -11.3}}
------------------------------------------------------------
[2026-08-13 19:24:03.209] [CALIBRATION_STEP_SAVED]
  step_key: s1_self
  target_name: В СЕБЯ
  default_target: self
  angle: 309.5
  pitch: 26.1
  remaining_queue_len: 0
  compass_calibration_database: {"s0_dealer": {"angle": 309.8, "target_id": "dealer", "pitch": -12.9}, "s0_self": {"angle": 163.0, "target_id": "self", "pitch": 37.6}, "s1_player_1": {"angle": 196.6, "target_id": "player_1", "pitch": -11.3}, "s1_self": {"angle": 309.5, "target_id": "self", "pitch": 26.1}}
------------------------------------------------------------
[2026-08-13 19:25:16.359] [CALIBRATION_STARTED]
  game_mode: story_one_round
  participants: [["player_1", "Игрок 1"], ["dealer", "Дилер"]]
  queue_length: 4
  queue: [{"key": "s0_dealer", "shooter_idx": 0, "shooter_name": "Игрок 1", "target_id": "dealer", "target_name": "Дилер", "prompt": "🎯 Игрок 1 ➔ Наведите на Дилер"}, {"key": "s0_self", "shooter_idx": 0, "shooter_name": "Игрок 1", "target_id": "self", "target_name": "В СЕБЯ", "prompt": "🎯 Игрок 1 ➔ В СЕБЯ (наведите на себя — горизонтально или вверх)"}, {"key": "s1_player_1", "shooter_idx": 1, "shooter_name": "Дилер", "target_id": "player_1", "target_name": "Игрок 1", "prompt": "🎯 Дилер ➔ Наведите на Игрок 1"}, {"key": "s1_self", "shooter_idx": 1, "shooter_name": "Дилер", "target_id": "self", "target_name": "В СЕБЯ", "prompt": "🎯 Дилер ➔ В СЕБЯ (наведите на себя — горизонтально или вверх)"}]
------------------------------------------------------------
[2026-08-13 19:25:20.731] [CALIBRATION_STEP_SAVED]
  step_key: s0_dealer
  target_name: Дилер
  default_target: dealer
  angle: 80.6
  pitch: -9.7
  remaining_queue_len: 3
  compass_calibration_database: {"s0_dealer": {"angle": 80.6, "target_id": "dealer", "pitch": -9.7}}
------------------------------------------------------------
[2026-08-13 19:25:29.053] [CALIBRATION_STEP_SAVED]
  step_key: s0_self
  target_name: В СЕБЯ
  default_target: self
  angle: 270.2
  pitch: 38.1
  remaining_queue_len: 2
  compass_calibration_database: {"s0_dealer": {"angle": 80.6, "target_id": "dealer", "pitch": -9.7}, "s0_self": {"angle": 270.2, "target_id": "self", "pitch": 38.1}}
------------------------------------------------------------
[2026-08-13 19:25:32.278] [CALIBRATION_STEP_SAVED]
  step_key: s1_player_1
  target_name: Игрок 1
  default_target: player_1
  angle: 303.4
  pitch: -12.5
  remaining_queue_len: 1
  compass_calibration_database: {"s0_dealer": {"angle": 80.6, "target_id": "dealer", "pitch": -9.7}, "s0_self": {"angle": 270.2, "target_id": "self", "pitch": 38.1}, "s1_player_1": {"angle": 303.4, "target_id": "player_1", "pitch": -12.5}}
------------------------------------------------------------
[2026-08-13 19:25:43.082] [CALIBRATION_STEP_SAVED]
  step_key: s1_self
  target_name: В СЕБЯ
  default_target: self
  angle: 355.9
  pitch: 33.0
  remaining_queue_len: 0
  compass_calibration_database: {"s0_dealer": {"angle": 80.6, "target_id": "dealer", "pitch": -9.7}, "s0_self": {"angle": 270.2, "target_id": "self", "pitch": 38.1}, "s1_player_1": {"angle": 303.4, "target_id": "player_1", "pitch": -12.5}, "s1_self": {"angle": 355.9, "target_id": "self", "pitch": 33.0}}
------------------------------------------------------------
[2026-08-13 19:25:54.554] [SHOT_PROCESSED]
  incoming_angle: 244.7
  incoming_pitch: 31.7
  game_mode: story_one_round
  game_phase: player_turn
  current_shooter: {"id": "8e4da9be", "name": "123", "number": 1}
  shooter_s_idx: 0
  all_participants: [{"id": "8e4da9be", "name": "123"}, {"id": "39fbc3e9", "name": "DEALER"}]
  compass_calibration_state: {"s0_dealer": {"angle": 80.6, "target_id": "dealer", "pitch": -9.7}, "s0_self": {"angle": 270.2, "target_id": "self", "pitch": 38.1}, "s1_player_1": {"angle": 303.4, "target_id": "player_1", "pitch": -12.5}, "s1_self": {"angle": 355.9, "target_id": "self", "pitch": 33.0}}
  self_check: {"self_pitch_threshold": 28.575000000000003, "is_self_shot": true}
  spatial_check: {"best_idx": 0, "assigned_target": "self"}
  final_target: {"actual_target_id": "8e4da9be", "target_name": "123 (В СЕБЯ 🎯)", "is_self_shot": true}
------------------------------------------------------------
[2026-08-13 19:26:03.807] [SHOT_PROCESSED]
  incoming_angle: 72.7
  incoming_pitch: -7.0
  game_mode: story_one_round
  game_phase: player_turn
  current_shooter: {"id": "8e4da9be", "name": "123", "number": 1}
  shooter_s_idx: 0
  all_participants: [{"id": "8e4da9be", "name": "123"}, {"id": "39fbc3e9", "name": "DEALER"}]
  compass_calibration_state: {"s0_dealer": {"angle": 80.6, "target_id": "dealer", "pitch": -9.7}, "s0_self": {"angle": 270.2, "target_id": "self", "pitch": 38.1}, "s1_player_1": {"angle": 303.4, "target_id": "player_1", "pitch": -12.5}, "s1_self": {"angle": 355.9, "target_id": "self", "pitch": 33.0}}
  self_check: {"self_pitch_threshold": 28.575000000000003, "is_self_shot": false}
  spatial_check: {"best_idx": "s0_dealer", "assigned_target": "dealer"}
  final_target: {"actual_target_id": "39fbc3e9", "target_name": "DEALER", "is_self_shot": false}
------------------------------------------------------------
[2026-08-13 19:26:09.037] [SHOT_PROCESSED]
  incoming_angle: 77.1
  incoming_pitch: 31.9
  game_mode: story_one_round
  game_phase: player_turn
  current_shooter: {"id": "39fbc3e9", "name": "DEALER", "number": 2}
  shooter_s_idx: 1
  all_participants: [{"id": "8e4da9be", "name": "123"}, {"id": "39fbc3e9", "name": "DEALER"}]
  compass_calibration_state: {"s0_dealer": {"angle": 80.6, "target_id": "dealer", "pitch": -9.7}, "s0_self": {"angle": 270.2, "target_id": "self", "pitch": 38.1}, "s1_player_1": {"angle": 303.4, "target_id": "player_1", "pitch": -12.5}, "s1_self": {"angle": 355.9, "target_id": "self", "pitch": 33.0}}
  self_check: {"self_pitch_threshold": 24.75, "is_self_shot": true}
  spatial_check: {"best_idx": 0, "assigned_target": "self"}
  final_target: {"actual_target_id": "39fbc3e9", "target_name": "DEALER (В СЕБЯ 🎯)", "is_self_shot": true}
------------------------------------------------------------
[2026-08-13 19:26:18.002] [SHOT_PROCESSED]
  incoming_angle: 86.3
  incoming_pitch: -9.5
  game_mode: story_one_round
  game_phase: player_turn
  current_shooter: {"id": "8e4da9be", "name": "123", "number": 1}
  shooter_s_idx: 0
  all_participants: [{"id": "8e4da9be", "name": "123"}, {"id": "39fbc3e9", "name": "DEALER"}]
  compass_calibration_state: {"s0_dealer": {"angle": 80.6, "target_id": "dealer", "pitch": -9.7}, "s0_self": {"angle": 270.2, "target_id": "self", "pitch": 38.1}, "s1_player_1": {"angle": 303.4, "target_id": "player_1", "pitch": -12.5}, "s1_self": {"angle": 355.9, "target_id": "self", "pitch": 33.0}}
  self_check: {"self_pitch_threshold": 28.575000000000003, "is_self_shot": false}
  spatial_check: {"best_idx": "s0_dealer", "assigned_target": "dealer"}
  final_target: {"actual_target_id": "39fbc3e9", "target_name": "DEALER", "is_self_shot": false}
------------------------------------------------------------
[2026-08-13 19:26:24.300] [SHOT_PROCESSED]
  incoming_angle: 80.5
  incoming_pitch: -47.4
  game_mode: story_one_round
  game_phase: player_turn
  current_shooter: {"id": "39fbc3e9", "name": "DEALER", "number": 2}
  shooter_s_idx: 1
  all_participants: [{"id": "8e4da9be", "name": "123"}, {"id": "39fbc3e9", "name": "DEALER"}]
  compass_calibration_state: {"s0_dealer": {"angle": 80.6, "target_id": "dealer", "pitch": -9.7}, "s0_self": {"angle": 270.2, "target_id": "self", "pitch": 38.1}, "s1_player_1": {"angle": 303.4, "target_id": "player_1", "pitch": -12.5}, "s1_self": {"angle": 355.9, "target_id": "self", "pitch": 33.0}}
  self_check: {"self_pitch_threshold": 24.75, "is_self_shot": true}
  spatial_check: {"best_idx": 0, "assigned_target": "self"}
  final_target: {"actual_target_id": "39fbc3e9", "target_name": "DEALER (В СЕБЯ 🎯)", "is_self_shot": true}
------------------------------------------------------------
[2026-08-13 19:26:31.027] [SHOT_PROCESSED]
  incoming_angle: 11.7
  incoming_pitch: 31.7
  game_mode: story_one_round
  game_phase: player_turn
  current_shooter: {"id": "8e4da9be", "name": "123", "number": 1}
  shooter_s_idx: 0
  all_participants: [{"id": "8e4da9be", "name": "123"}, {"id": "39fbc3e9", "name": "DEALER"}]
  compass_calibration_state: {"s0_dealer": {"angle": 80.6, "target_id": "dealer", "pitch": -9.7}, "s0_self": {"angle": 270.2, "target_id": "self", "pitch": 38.1}, "s1_player_1": {"angle": 303.4, "target_id": "player_1", "pitch": -12.5}, "s1_self": {"angle": 355.9, "target_id": "self", "pitch": 33.0}}
  self_check: {"self_pitch_threshold": 28.575000000000003, "is_self_shot": true}
  spatial_check: {"best_idx": 0, "assigned_target": "self"}
  final_target: {"actual_target_id": "8e4da9be", "target_name": "123 (В СЕБЯ 🎯)", "is_self_shot": true}
------------------------------------------------------------
[2026-08-13 19:26:37.286] [SHOT_PROCESSED]
  incoming_angle: 127.1
  incoming_pitch: -13.3
  game_mode: story_one_round
  game_phase: player_turn
  current_shooter: {"id": "8e4da9be", "name": "123", "number": 1}
  shooter_s_idx: 0
  all_participants: [{"id": "8e4da9be", "name": "123"}, {"id": "39fbc3e9", "name": "DEALER"}]
  compass_calibration_state: {"s0_dealer": {"angle": 80.6, "target_id": "dealer", "pitch": -9.7}, "s0_self": {"angle": 270.2, "target_id": "self", "pitch": 38.1}, "s1_player_1": {"angle": 303.4, "target_id": "player_1", "pitch": -12.5}, "s1_self": {"angle": 355.9, "target_id": "self", "pitch": 33.0}}
  self_check: {"self_pitch_threshold": 28.575000000000003, "is_self_shot": false}
  spatial_check: {"best_idx": "s0_dealer", "assigned_target": "dealer"}
  final_target: {"actual_target_id": "39fbc3e9", "target_name": "DEALER", "is_self_shot": false}
------------------------------------------------------------
[2026-08-13 19:26:44.612] [SHOT_PROCESSED]
  incoming_angle: 335.3
  incoming_pitch: -13.4
  game_mode: story_one_round
  game_phase: player_turn
  current_shooter: {"id": "39fbc3e9", "name": "DEALER", "number": 2}
  shooter_s_idx: 1
  all_participants: [{"id": "8e4da9be", "name": "123"}, {"id": "39fbc3e9", "name": "DEALER"}]
  compass_calibration_state: {"s0_dealer": {"angle": 80.6, "target_id": "dealer", "pitch": -9.7}, "s0_self": {"angle": 270.2, "target_id": "self", "pitch": 38.1}, "s1_player_1": {"angle": 303.4, "target_id": "player_1", "pitch": -12.5}, "s1_self": {"angle": 355.9, "target_id": "self", "pitch": 33.0}}
  self_check: {"self_pitch_threshold": 24.75, "is_self_shot": true}
  spatial_check: {"best_idx": "s1_self", "assigned_target": "self"}
  final_target: {"actual_target_id": "39fbc3e9", "target_name": "DEALER (В СЕБЯ 🎯)", "is_self_shot": true}
------------------------------------------------------------
[2026-08-13 19:26:58.350] [SHOT_PROCESSED]
  incoming_angle: 282.7
  incoming_pitch: -14.2
  game_mode: story_one_round
  game_phase: player_turn
  current_shooter: {"id": "39fbc3e9", "name": "DEALER", "number": 2}
  shooter_s_idx: 1
  all_participants: [{"id": "8e4da9be", "name": "123"}, {"id": "39fbc3e9", "name": "DEALER"}]
  compass_calibration_state: {"s0_dealer": {"angle": 80.6, "target_id": "dealer", "pitch": -9.7}, "s0_self": {"angle": 270.2, "target_id": "self", "pitch": 38.1}, "s1_player_1": {"angle": 303.4, "target_id": "player_1", "pitch": -12.5}, "s1_self": {"angle": 355.9, "target_id": "self", "pitch": 33.0}}
  self_check: {"self_pitch_threshold": 24.75, "is_self_shot": false}
  spatial_check: {"best_idx": "s1_player_1", "assigned_target": "player_1"}
  final_target: {"actual_target_id": "8e4da9be", "target_name": "123", "is_self_shot": false}
------------------------------------------------------------
[2026-08-13 19:27:02.315] [SHOT_PROCESSED]
  incoming_angle: 68.0
  incoming_pitch: -7.7
  game_mode: story_one_round
  game_phase: player_turn
  current_shooter: {"id": "8e4da9be", "name": "123", "number": 1}
  shooter_s_idx: 0
  all_participants: [{"id": "8e4da9be", "name": "123"}, {"id": "39fbc3e9", "name": "DEALER"}]
  compass_calibration_state: {"s0_dealer": {"angle": 80.6, "target_id": "dealer", "pitch": -9.7}, "s0_self": {"angle": 270.2, "target_id": "self", "pitch": 38.1}, "s1_player_1": {"angle": 303.4, "target_id": "player_1", "pitch": -12.5}, "s1_self": {"angle": 355.9, "target_id": "self", "pitch": 33.0}}
  self_check: {"self_pitch_threshold": 28.575000000000003, "is_self_shot": false}
  spatial_check: {"best_idx": "s0_dealer", "assigned_target": "dealer"}
  final_target: {"actual_target_id": "39fbc3e9", "target_name": "DEALER", "is_self_shot": false}
------------------------------------------------------------
[2026-08-13 19:27:15.638] [SHOT_PROCESSED]
  incoming_angle: 55.2
  incoming_pitch: -14.0
  game_mode: story_one_round
  game_phase: player_turn
  current_shooter: {"id": "8e4da9be", "name": "123", "number": 1}
  shooter_s_idx: 0
  all_participants: [{"id": "8e4da9be", "name": "123"}, {"id": "39fbc3e9", "name": "DEALER"}]
  compass_calibration_state: {"s0_dealer": {"angle": 80.6, "target_id": "dealer", "pitch": -9.7}, "s0_self": {"angle": 270.2, "target_id": "self", "pitch": 38.1}, "s1_player_1": {"angle": 303.4, "target_id": "player_1", "pitch": -12.5}, "s1_self": {"angle": 355.9, "target_id": "self", "pitch": 33.0}}
  self_check: {"self_pitch_threshold": 28.575000000000003, "is_self_shot": false}
  spatial_check: {"best_idx": "s0_dealer", "assigned_target": "dealer"}
  final_target: {"actual_target_id": "39fbc3e9", "target_name": "DEALER", "is_self_shot": false}
------------------------------------------------------------
[2026-08-13 19:27:18.141] [SHOT_PROCESSED]
  incoming_angle: 53.0
  incoming_pitch: -3.8
  game_mode: story_one_round
  game_phase: player_turn
  current_shooter: {"id": "39fbc3e9", "name": "DEALER", "number": 2}
  shooter_s_idx: 1
  all_participants: [{"id": "8e4da9be", "name": "123"}, {"id": "39fbc3e9", "name": "DEALER"}]
  compass_calibration_state: {"s0_dealer": {"angle": 80.6, "target_id": "dealer", "pitch": -9.7}, "s0_self": {"angle": 270.2, "target_id": "self", "pitch": 38.1}, "s1_player_1": {"angle": 303.4, "target_id": "player_1", "pitch": -12.5}, "s1_self": {"angle": 355.9, "target_id": "self", "pitch": 33.0}}
  self_check: {"self_pitch_threshold": 24.75, "is_self_shot": true}
  spatial_check: {"best_idx": "s1_self", "assigned_target": "self"}
  final_target: {"actual_target_id": "39fbc3e9", "target_name": "DEALER (В СЕБЯ 🎯)", "is_self_shot": true}
------------------------------------------------------------
